2011-02-04T00:01:00+09:00,6.7,90,6.2,false,15.9,false,-1.9,false
2011-02-04T00:02:00+09:00,6.7,90,6.2,false,15.9,false,-1.8,false
2011-02-04T00:03:00+09:00,6.7,90,6.2,false,15.8,false,-1.8,false
2011-02-04T00:04:00+09:00,6.7,90,6.2,false,15.8,false,-1.6,false
2011-02-04T00:05:00+09:00,6.7,90,6.2,false,15.7,false,-1.6,false
2011-02-04T00:06:00+09:00,6.7,90,6.2,false,15.7,false,-1.7,false
2011-02-04T00:07:00+09:00,6.7,90,6.2,false,15.7,false,-1.6,false
2011-02-04T00:08:00+09:00,6.7,90,6.3,false,15.6,false,-1.6,false
2011-02-04T00:09:00+09:00,6.7,90,6.2,false,15.6,false,-1.3,false
2011-02-04T00:10:00+09:00,6.7,90,6.3,false,15.6,false,-1.2,false
2011-02-04T00:11:00+09:00,6.7,90,6.3,false,15.5,false,-1.1,false
2011-02-04T00:12:00+09:00,6.7,90,6.3,false,15.5,false,-1.1,false
2011-02-04T00:13:00+09:00,6.6,90,6.3,false,15.4,false,-1.1,false
2011-02-04T00:14:00+09:00,6.6,90,6.3,false,15.4,false,-1.1,false
2011-02-04T00:15:00+09:00,6.6,90,6.3,false,15.4,false,-1.2,false
2011-02-04T00:16:00+09:00,6.6,90,6.3,false,15.3,false,-1.3,false
2011-02-04T00:17:00+09:00,6.6,90,6.3,false,15.3,false,-1.4,false
2011-02-04T00:18:00+09:00,6.6,90,6.3,false,15.2,false,-1.4,false
2011-02-04T00:19:00+09:00,6.6,90,6.3,false,15.2,false,-1.5,false
2011-02-04T00:20:00+09:00,6.6,90,6.3,false,15.2,false,-1.6,false
2011-02-04T00:21:00+09:00,6.5,90,6.2,false,15.2,false,-1.6,false
2011-02-04T00:22:00+09:00,6.5,90,6.2,false,15.1,false,-1.7,false
2011-02-04T00:23:00+09:00,6.5,90,6.2,false,15.0,false,-1.7,false
2011-02-04T00:24:00+09:00,6.5,90,6.2,false,15.0,false,-1.8,false
2011-02-04T00:25:00+09:00,6.4,90,6.2,false,15.0,false,-1.8,false
2011-02-04T00:26:00+09:00,6.4,90,6.1,false,15.0,false,-1.9,false
2011-02-04T00:27:00+09:00,6.4,90,6.1,false,14.9,false,-1.9,false
2011-02-04T00:28:00+09:00,6.4,90,6.1,false,14.9,false,-1.9,false
2011-02-04T00:29:00+09:00,6.4,90,6.1,false,14.8,false,-1.9,false
2011-02-04T00:30:00+09:00,6.4,90,6.1,false,14.8,false,-1.9,false
2011-02-04T00:31:00+09:00,6.3,90,6.1,false,14.8,false,-2.0,false
2011-02-04T00:32:00+09:00,6.3,90,6.1,false,14.8,false,-2.0,false
2011-02-04T00:33:00+09:00,6.3,90,6.1,false,14.8,false,-2.0,false
2011-02-04T00:34:00+09:00,6.3,90,6.0,false,14.8,false,-2.0,false
2011-02-04T00:35:00+09:00,6.3,90,6.0,false,14.8,false,-2.1,false
2011-02-04T00:36:00+09:00,6.3,90,6.0,false,14.8,false,-2.0,false
2011-02-04T00:37:00+09:00,6.3,90,6.0,false,14.9,false,-2.0,false
2011-02-04T00:38:00+09:00,6.3,90,6.0,false,14.9,false,-1.8,false
2011-02-04T00:39:00+09:00,6.3,90,6.0,false,14.9,false,-1.7,false
2011-02-04T00:40:00+09:00,6.3,90,6.0,false,15.0,false,-1.6,false
2011-02-04T00:41:00+09:00,6.3,90,5.9,false,15.0,false,-1.8,false
2011-02-04T00:42:00+09:00,6.3,90,5.9,false,15.0,false,-1.9,false
2011-02-04T00:43:00+09:00,6.3,90,5.9,false,15.1,false,-2.0,false
2011-02-04T00:44:00+09:00,6.3,90,5.9,false,15.2,false,-2.0,false
2011-02-04T00:45:00+09:00,6.2,90,5.9,false,15.2,false,-2.0,false
2011-02-04T00:46:00+09:00,6.2,90,5.9,false,15.2,false,-1.9,false
2011-02-04T00:47:00+09:00,6.3,90,5.9,false,15.2,false,-1.9,false
2011-02-04T00:48:00+09:00,6.3,90,5.9,false,15.3,false,-2.0,false
2011-02-04T00:49:00+09:00,6.3,90,5.9,false,15.3,false,-1.9,false
2011-02-04T00:50:00+09:00,6.3,90,5.9,false,15.4,false,-2.0,false
2011-02-04T00:51:00+09:00,6.3,90,5.9,false,15.4,false,-2.0,false
2011-02-04T00:52:00+09:00,6.3,90,5.9,false,15.5,false,-2.0,false
2011-02-04T00:53:00+09:00,6.3,90,5.9,false,15.5,false,-2.0,false
2011-02-04T00:54:00+09:00,6.3,90,5.8,false,15.6,false,-2.0,false
2011-02-04T00:55:00+09:00,6.3,90,5.8,false,15.6,false,-2.0,false
2011-02-04T00:56:00+09:00,6.3,90,5.8,false,15.7,false,-2.0,false
2011-02-04T00:57:00+09:00,6.3,90,5.8,false,15.7,false,-2.0,false
2011-02-04T00:58:00+09:00,6.3,90,5.8,false,15.7,false,-2.0,false
2011-02-04T00:59:00+09:00,6.3,90,5.8,false,15.8,false,-1.9,false
2011-02-04T01:00:00+09:00,6.3,90,5.8,false,15.8,false,-2.0,false
2011-02-04T01:01:00+09:00,6.3,90,5.8,false,15.9,false,-2.0,false
2011-02-04T01:02:00+09:00,6.3,90,5.8,false,15.9,false,-2.0,false
2011-02-04T01:03:00+09:00,6.3,90,5.8,false,16.0,false,-1.9,false
2011-02-04T01:04:00+09:00,6.3,90,5.8,false,16.0,false,-1.7,false
2011-02-04T01:05:00+09:00,6.3,90,5.8,false,16.0,false,-1.6,false
2011-02-04T01:06:00+09:00,6.3,90,5.8,false,16.1,false,-1.4,false
2011-02-04T01:07:00+09:00,6.3,90,5.8,false,16.2,false,-1.4,false
2011-02-04T01:08:00+09:00,6.3,90,5.8,false,16.2,false,-1.3,false
2011-02-04T01:09:00+09:00,6.3,90,5.8,false,16.3,false,-1.4,false
2011-02-04T01:10:00+09:00,6.3,90,5.8,false,16.3,false,-1.3,false
2011-02-04T01:11:00+09:00,6.4,90,5.8,false,16.3,false,-1.4,false
2011-02-04T01:12:00+09:00,6.4,90,5.8,false,16.3,false,-1.5,false
2011-02-04T01:13:00+09:00,6.4,90,5.8,false,16.4,false,-1.6,false
2011-02-04T01:14:00+09:00,6.4,90,5.8,false,16.4,false,-1.6,false
2011-02-04T01:15:00+09:00,6.4,90,5.9,false,16.4,false,-1.6,false
2011-02-04T01:16:00+09:00,6.4,90,5.9,false,16.4,false,-1.7,false
2011-02-04T01:17:00+09:00,6.4,90,5.9,false,16.4,false,-1.7,false
2011-02-04T01:18:00+09:00,6.4,90,5.9,false,16.3,false,-1.8,false
2011-02-04T01:19:00+09:00,6.4,90,5.9,false,16.3,false,-1.9,false
2011-02-04T01:20:00+09:00,6.4,90,5.9,false,16.3,false,-2.0,false
2011-02-04T01:21:00+09:00,6.4,90,5.9,false,16.3,false,-2.1,false
2011-02-04T01:22:00+09:00,6.4,90,5.9,false,16.3,false,-2.2,false
2011-02-04T01:23:00+09:00,6.4,90,5.9,false,16.2,false,-2.2,false
2011-02-04T01:24:00+09:00,6.4,90,5.9,false,16.1,false,-2.2,false
2011-02-04T01:25:00+09:00,6.4,90,5.9,false,16.1,false,-2.2,false
2011-02-04T01:26:00+09:00,6.4,90,5.9,false,16.0,false,-2.1,false
2011-02-04T01:27:00+09:00,6.4,90,5.8,false,16.0,false,-2.1,false
2011-02-04T01:28:00+09:00,6.4,90,5.8,false,15.9,false,-2.0,false
2011-02-04T01:29:00+09:00,6.4,90,5.8,false,15.9,false,-2.0,false
2011-02-04T01:30:00+09:00,6.4,90,5.8,false,15.8,false,-2.0,false
2011-02-04T01:31:00+09:00,6.4,90,5.8,false,15.8,false,-2.1,false
2011-02-04T01:32:00+09:00,6.4,90,5.8,false,15.7,false,-2.1,false
2011-02-04T01:33:00+09:00,6.4,90,5.8,false,15.7,false,-2.1,false
2011-02-04T01:34:00+09:00,6.4,90,5.8,false,15.7,false,-2.1,false
2011-02-04T01:35:00+09:00,6.4,90,5.8,false,15.6,false,-2.0,false
2011-02-04T01:36:00+09:00,6.4,90,5.8,false,15.6,false,-2.0,false
2011-02-04T01:37:00+09:00,6.3,90,5.9,false,15.5,false,-1.9,false
2011-02-04T01:38:00+09:00,6.3,90,5.9,false,15.5,false,-1.9,false
2011-02-04T01:39:00+09:00,6.3,90,5.9,false,15.5,false,-1.7,false
2011-02-04T01:40:00+09:00,6.3,90,5.9,false,15.4,false,-1.5,false
2011-02-04T01:41:00+09:00,6.3,90,5.8,false,15.4,false,-1.3,false
2011-02-04T01:42:00+09:00,6.3,90,5.8,false,15.3,false,-1.1,false
2011-02-04T01:43:00+09:00,6.3,90,5.8,false,15.3,false,-1.2,false
2011-02-04T01:44:00+09:00,6.3,90,5.8,false,15.2,false,-1.3,false
2011-02-04T01:45:00+09:00,6.3,90,5.8,false,15.2,false,-1.2,false
2011-02-04T01:46:00+09:00,6.3,90,5.8,false,15.2,false,-1.3,false
2011-02-04T01:47:00+09:00,6.3,90,5.8,false,15.2,false,-1.3,false
2011-02-04T01:48:00+09:00,6.3,90,5.8,false,15.1,false,-1.4,false
2011-02-04T01:49:00+09:00,6.3,90,5.8,false,15.0,false,-1.5,false
2011-02-04T01:50:00+09:00,6.3,90,5.8,false,15.0,false,-1.6,false
2011-02-04T01:51:00+09:00,6.3,90,5.8,false,15.0,false,-1.7,false
2011-02-04T01:52:00+09:00,6.3,90,5.8,false,15.0,false,-1.8,false
2011-02-04T01:53:00+09:00,6.3,90,5.9,false,14.9,false,-1.8,false
2011-02-04T01:54:00+09:00,6.3,90,5.9,false,14.9,false,-1.9,false
2011-02-04T01:55:00+09:00,6.3,90,5.9,false,14.8,false,-1.9,false
2011-02-04T01:56:00+09:00,6.3,90,5.9,false,14.8,false,-1.8,false
2011-02-04T01:57:00+09:00,6.3,90,5.9,false,14.8,false,-1.7,false
2011-02-04T01:58:00+09:00,6.3,90,5.9,false,14.8,false,-1.7,false
2011-02-04T01:59:00+09:00,6.3,90,5.9,false,14.8,false,-1.6,false
2011-02-04T02:00:00+09:00,6.3,90,5.9,false,14.8,false,-1.4,false
2011-02-04T02:01:00+09:00,6.4,90,6.0,false,14.8,false,-1.1,false
2011-02-04T02:02:00+09:00,6.4,90,6.0,false,14.8,false,-0.9,false
2011-02-04T02:03:00+09:00,6.4,91,6.0,false,14.9,false,-0.8,false
2011-02-04T02:04:00+09:00,6.4,91,6.1,false,14.9,false,-0.8,false
2011-02-04T02:05:00+09:00,6.5,90,6.1,false,15.0,false,-0.8,false
2011-02-04T02:06:00+09:00,6.5,90,6.1,false,15.0,false,-0.9,false
2011-02-04T02:07:00+09:00,6.5,90,6.1,false,15.0,false,-0.8,false
2011-02-04T02:08:00+09:00,6.6,90,6.2,false,15.0,false,-0.8,false
2011-02-04T02:09:00+09:00,6.6,91,6.2,false,15.1,false,-0.8,false
2011-02-04T02:10:00+09:00,6.7,91,6.3,false,15.2,false,-0.8,false
2011-02-04T02:11:00+09:00,6.7,91,6.3,false,15.2,false,-0.8,false
2011-02-04T02:12:00+09:00,6.8,91,6.3,false,15.2,false,-0.7,false
2011-02-04T02:13:00+09:00,6.8,91,6.4,false,15.3,false,-0.6,false
2011-02-04T02:14:00+09:00,6.8,91,6.5,false,15.3,false,-0.7,false
2011-02-04T02:15:00+09:00,6.8,91,6.5,false,15.4,false,-0.7,false
2011-02-04T02:16:00+09:00,6.9,91,6.5,false,15.4,false,-0.7,false
2011-02-04T02:17:00+09:00,7.0,91,6.5,false,15.5,false,-0.7,false
2011-02-04T02:18:00+09:00,7.0,91,6.5,false,15.5,false,-0.8,false
2011-02-04T02:19:00+09:00,7.0,91,6.5,false,15.5,false,-0.8,false
2011-02-04T02:20:00+09:00,7.0,91,6.6,false,15.6,false,-0.7,false
2011-02-04T02:21:00+09:00,7.0,91,6.6,false,15.7,false,-0.7,false
2011-02-04T02:22:00+09:00,7.1,91,6.6,false,15.7,false,-0.7,false
2011-02-04T02:23:00+09:00,7.1,91,6.7,false,15.7,false,-0.6,false
2011-02-04T02:24:00+09:00,7.1,91,6.7,false,15.8,false,-0.7,false
2011-02-04T02:25:00+09:00,7.1,91,6.7,false,15.8,false,-0.7,false
2011-02-04T02:26:00+09:00,7.2,91,6.7,false,15.9,false,-0.7,false
2011-02-04T02:27:00+09:00,7.2,90,6.7,false,15.9,false,-0.8,false
2011-02-04T02:28:00+09:00,7.2,90,6.7,false,16.0,false,-0.8,false
2011-02-04T02:29:00+09:00,7.2,90,6.7,false,16.0,false,-0.9,false
2011-02-04T02:30:00+09:00,7.3,90,6.7,false,16.1,false,-1.0,false
2011-02-04T02:31:00+09:00,7.3,90,6.8,false,16.1,false,-1.0,false
2011-02-04T02:32:00+09:00,7.3,90,6.8,false,16.2,false,-1.0,false
2011-02-04T02:33:00+09:00,7.3,90,6.8,false,16.3,false,-1.0,false
2011-02-04T02:34:00+09:00,7.3,90,6.8,false,16.3,false,-1.0,false
2011-02-04T02:35:00+09:00,7.3,90,6.8,false,16.3,false,-1.1,false
2011-02-04T02:36:00+09:00,7.3,90,6.8,false,16.3,false,-1.1,false
2011-02-04T02:37:00+09:00,7.3,90,6.7,false,16.3,false,-1.1,false
2011-02-04T02:38:00+09:00,7.3,90,6.7,false,16.4,false,-1.1,false
2011-02-04T02:39:00+09:00,7.3,90,6.7,false,16.4,false,-1.2,false
2011-02-04T02:40:00+09:00,7.3,90,6.7,false,16.4,false,-1.2,false
2011-02-04T02:41:00+09:00,7.3,90,6.6,false,16.4,false,-1.3,false
2011-02-04T02:42:00+09:00,7.3,90,6.6,false,16.3,false,-1.3,false
2011-02-04T02:43:00+09:00,7.3,90,6.6,false,16.3,false,-1.3,false
2011-02-04T02:44:00+09:00,7.2,90,6.6,false,16.3,false,-1.4,false
2011-02-04T02:45:00+09:00,7.2,90,6.5,false,16.3,false,-1.3,false
2011-02-04T02:46:00+09:00,7.2,90,6.5,false,16.3,false,-1.4,false
2011-02-04T02:47:00+09:00,7.2,90,6.5,false,16.2,false,-1.3,false
2011-02-04T02:48:00+09:00,7.1,90,6.5,false,16.2,false,-1.4,false
2011-02-04T02:49:00+09:00,7.1,90,6.5,false,16.1,false,-1.4,false
2011-02-04T02:50:00+09:00,7.1,90,6.5,false,16.0,false,-1.3,false
2011-02-04T02:51:00+09:00,7.0,90,6.5,false,16.0,false,-1.4,false
2011-02-04T02:52:00+09:00,7.0,90,6.4,false,16.0,false,-1.4,false
2011-02-04T02:53:00+09:00,7.0,90,6.4,false,15.9,false,-1.4,false
2011-02-04T02:54:00+09:00,7.0,90,6.4,false,15.9,false,-1.2,false
2011-02-04T02:55:00+09:00,7.0,90,6.4,false,15.8,false,-1.1,false
2011-02-04T02:56:00+09:00,7.0,90,6.5,false,15.8,false,-1.1,false
2011-02-04T02:57:00+09:00,7.0,90,6.4,false,15.7,false,-1.1,false
2011-02-04T02:58:00+09:00,7.0,90,6.4,false,15.7,false,-1.1,false
2011-02-04T02:59:00+09:00,7.0,90,6.4,false,15.7,false,-1.2,false
2011-02-04T03:00:00+09:00,7.0,90,6.4,false,15.6,false,-1.2,false
2011-02-04T03:01:00+09:00,6.9,90,6.4,false,15.6,false,-1.4,false
2011-02-04T03:02:00+09:00,6.8,90,6.3,false,15.6,false,-1.5,false
2011-02-04T03:03:00+09:00,6.8,90,6.3,false,15.5,false,-1.6,false
2011-02-04T03:04:00+09:00,6.8,90,6.3,false,15.5,false,-1.6,false
2011-02-04T03:05:00+09:00,6.8,90,6.3,false,15.4,false,-1.7,false
2011-02-04T03:06:00+09:00,6.8,90,6.2,false,15.4,false,-1.8,false
2011-02-04T03:07:00+09:00,6.7,90,6.2,false,15.4,false,-1.9,false
2011-02-04T03:08:00+09:00,6.7,90,6.2,false,15.3,false,-1.7,false
2011-02-04T03:09:00+09:00,6.6,90,6.1,false,15.3,false,-1.6,false
2011-02-04T03:10:00+09:00,6.6,90,6.1,false,15.2,false,-1.6,false
2011-02-04T03:11:00+09:00,6.6,90,6.1,false,15.2,false,-1.7,false
2011-02-04T03:12:00+09:00,6.5,90,6.1,false,15.2,false,-1.6,false
2011-02-04T03:13:00+09:00,6.5,90,6.0,false,15.2,false,-1.4,false
2011-02-04T03:14:00+09:00,6.5,90,6.0,false,15.1,false,-1.4,false
2011-02-04T03:15:00+09:00,6.4,90,6.0,false,15.0,false,-1.4,false
2011-02-04T03:16:00+09:00,6.4,90,5.9,false,15.0,false,-1.6,false
2011-02-04T03:17:00+09:00,6.4,90,5.9,false,15.0,false,-1.6,false
2011-02-04T03:18:00+09:00,6.4,90,5.9,false,15.0,false,-1.9,false
2011-02-04T03:19:00+09:00,6.3,90,5.9,false,14.9,false,-2.0,false
2011-02-04T03:20:00+09:00,6.3,90,5.9,false,14.9,false,-2.1,false
2011-02-04T03:21:00+09:00,6.3,90,5.8,false,14.8,false,-2.3,false
2011-02-04T03:22:00+09:00,6.3,90,5.8,false,14.8,false,-2.3,false
2011-02-04T03:23:00+09:00,6.3,90,5.8,false,14.8,false,-2.3,false
2011-02-04T03:24:00+09:00,6.2,90,5.8,false,14.8,false,-2.3,false
2011-02-04T03:25:00+09:00,6.2,90,5.7,false,14.8,false,-2.2,false
2011-02-04T03:26:00+09:00,6.2,90,5.7,false,14.8,false,-2.2,false
2011-02-04T03:27:00+09:00,6.1,90,5.7,false,14.8,false,-2.3,false
2011-02-04T03:28:00+09:00,6.0,90,5.6,false,14.8,false,-2.3,false
2011-02-04T03:29:00+09:00,6.0,90,5.6,false,14.8,false,-2.2,false
2011-02-04T03:30:00+09:00,6.0,90,5.6,false,14.9,false,-2.1,false
2011-02-04T03:31:00+09:00,6.0,90,5.6,false,14.9,false,-2.0,false
2011-02-04T03:32:00+09:00,6.0,90,5.6,false,14.9,false,-2.1,false
2011-02-04T03:33:00+09:00,6.0,90,5.6,false,15.0,false,-2.1,false
2011-02-04T03:34:00+09:00,5.9,90,5.6,false,15.0,false,-2.0,false
2011-02-04T03:35:00+09:00,5.9,90,5.6,false,15.0,false,-2.0,false
2011-02-04T03:36:00+09:00,5.8,90,5.5,false,15.1,false,-1.9,false
2011-02-04T03:37:00+09:00,5.8,90,5.5,false,15.2,false,-1.8,false
2011-02-04T03:38:00+09:00,5.7,90,5.5,false,15.2,false,-1.8,false
2011-02-04T03:39:00+09:00,5.7,90,5.5,false,15.2,false,-1.8,false
2011-02-04T03:40:00+09:00,5.8,90,5.5,false,15.2,false,-1.9,false
2011-02-04T03:41:00+09:00,5.8,90,5.4,false,15.3,false,-2.0,false
2011-02-04T03:42:00+09:00,5.9,90,5.5,false,15.3,false,-1.9,false
2011-02-04T03:43:00+09:00,6.0,90,5.4,false,15.4,false,-1.9,false
2011-02-04T03:44:00+09:00,6.3,90,5.4,false,15.4,false,-1.8,false
2011-02-04T03:45:00+09:00,6.5,89,5.5,false,15.5,false,-1.9,false
2011-02-04T03:46:00+09:00,6.7,89,5.4,false,15.5,false,-2.1,false
2011-02-04T03:47:00+09:00,6.8,89,5.4,false,15.5,false,-2.3,false
2011-02-04T03:48:00+09:00,7.1,89,5.4,false,15.6,false,-2.3,false
2011-02-04T03:49:00+09:00,7.3,89,5.4,false,15.6,false,-2.3,false
2011-02-04T03:50:00+09:00,7.5,89,5.4,false,15.7,false,-2.3,false
2011-02-04T03:51:00+09:00,7.6,89,5.4,false,15.7,false,-2.4,false
2011-02-04T03:52:00+09:00,7.8,89,5.4,false,15.7,false,-2.5,false
2011-02-04T03:53:00+09:00,7.9,89,5.4,false,15.8,false,-2.6,false
2011-02-04T03:54:00+09:00,8.1,88,5.4,false,15.9,false,-2.7,false
2011-02-04T03:55:00+09:00,8.2,88,5.4,false,15.9,false,-2.6,false
2011-02-04T03:56:00+09:00,8.3,88,5.3,false,15.9,false,-2.6,false
2011-02-04T03:57:00+09:00,8.3,88,5.4,false,16.0,false,-2.7,false
2011-02-04T03:58:00+09:00,8.3,88,5.4,false,16.0,false,-2.7,false
2011-02-04T03:59:00+09:00,8.2,88,5.3,false,16.1,false,-2.6,false
2011-02-04T04:00:00+09:00,8.1,88,5.3,false,16.2,false,-2.6,false
2011-02-04T04:01:00+09:00,8.0,88,5.3,false,16.2,false,-2.6,false
2011-02-04T04:02:00+09:00,7.8,87,5.3,false,16.3,false,-2.8,false
2011-02-04T04:03:00+09:00,7.8,87,5.3,false,16.3,false,-2.8,false
2011-02-04T04:04:00+09:00,7.6,87,5.3,false,16.3,false,-2.8,false
2011-02-04T04:05:00+09:00,7.5,87,5.3,false,16.3,false,-2.7,false
2011-02-04T04:06:00+09:00,7.4,87,5.2,false,16.4,false,-2.6,false
2011-02-04T04:07:00+09:00,7.3,87,5.3,false,16.4,false,-2.6,false
2011-02-04T04:08:00+09:00,7.2,87,5.3,false,16.4,false,-2.4,false
2011-02-04T04:09:00+09:00,7.2,87,5.3,false,16.4,false,-2.5,false
2011-02-04T04:10:00+09:00,7.1,87,5.4,false,16.4,false,-2.6,false
2011-02-04T04:11:00+09:00,7.0,87,5.5,false,16.3,false,-2.6,false
2011-02-04T04:12:00+09:00,7.0,87,5.6,false,16.3,false,-2.5,false
2011-02-04T04:13:00+09:00,6.9,87,5.7,false,16.3,false,-2.5,false
2011-02-04T04:14:00+09:00,6.8,87,5.9,false,16.3,false,-2.6,false
2011-02-04T04:15:00+09:00,6.7,87,6.1,false,16.3,false,-2.6,false
2011-02-04T04:16:00+09:00,6.6,88,6.5,false,16.2,false,-2.6,false
2011-02-04T04:17:00+09:00,6.5,88,6.7,false,16.2,false,-2.5,false
2011-02-04T04:18:00+09:00,6.4,87,6.9,false,16.1,false,-2.6,false
2011-02-04T04:19:00+09:00,6.3,87,7.3,false,16.0,false,-2.7,false
2011-02-04T04:20:00+09:00,6.3,87,7.5,false,16.0,false,-2.8,false
2011-02-04T04:21:00+09:00,6.3,87,7.7,false,16.0,false,-2.6,false
2011-02-04T04:22:00+09:00,6.2,87,7.8,false,15.9,false,-2.8,false
2011-02-04T04:23:00+09:00,6.0,88,7.9,false,15.9,false,-2.9,false
2011-02-04T04:24:00+09:00,6.0,88,7.8,false,15.8,false,-3.0,false
2011-02-04T04:25:00+09:00,6.0,88,7.7,false,15.8,false,-2.9,false
2011-02-04T04:26:00+09:00,5.9,88,7.5,false,15.7,false,-2.9,false
2011-02-04T04:27:00+09:00,5.9,88,7.3,false,15.7,false,-2.8,false
2011-02-04T04:28:00+09:00,5.9,88,7.2,false,15.7,false,-2.7,false
2011-02-04T04:29:00+09:00,5.9,88,7.1,false,15.6,false,-2.7,false
2011-02-04T04:30:00+09:00,6.0,88,6.9,false,15.6,false,-2.6,false
2011-02-04T04:31:00+09:00,6.0,88,6.7,false,15.5,false,-2.6,false
2011-02-04T04:32:00+09:00,6.0,88,6.5,false,15.5,false,-2.6,false
2011-02-04T04:33:00+09:00,6.2,88,6.5,false,15.4,false,-2.5,false
2011-02-04T04:34:00+09:00,6.3,88,6.4,false,15.4,false,-2.6,false
2011-02-04T04:35:00+09:00,6.3,88,6.3,false,15.4,false,-2.4,false
2011-02-04T04:36:00+09:00,6.5,88,6.2,false,15.3,false,-2.2,false
2011-02-04T04:37:00+09:00,6.7,88,6.1,false,15.3,false,-2.1,false
2011-02-04T04:38:00+09:00,6.8,88,5.9,false,15.2,false,-2.2,false
2011-02-04T04:39:00+09:00,7.0,88,5.9,false,15.2,false,-2.1,false
2011-02-04T04:40:00+09:00,7.3,88,5.9,false,15.2,false,-2.2,false
2011-02-04T04:41:00+09:00,7.5,88,5.8,false,15.2,false,-2.3,false
2011-02-04T04:42:00+09:00,7.6,88,5.7,false,15.1,false,-2.5,false
2011-02-04T04:43:00+09:00,7.8,88,5.7,false,15.0,false,-2.4,false
2011-02-04T04:44:00+09:00,8.0,88,5.6,false,15.0,false,-2.4,false
2011-02-04T04:45:00+09:00,8.1,88,5.6,false,15.0,false,-2.6,false
2011-02-04T04:46:00+09:00,8.3,88,5.5,false,15.0,false,-2.7,false
2011-02-04T04:47:00+09:00,8.4,88,5.4,false,14.9,false,-2.8,false
2011-02-04T04:48:00+09:00,8.3,87,5.4,false,14.9,false,-2.8,false
2011-02-04T04:49:00+09:00,8.3,87,5.3,false,14.8,false,-2.9,false
2011-02-04T04:50:00+09:00,8.3,87,5.3,false,14.8,false,-2.8,false
2011-02-04T04:51:00+09:00,8.2,87,5.2,false,14.8,false,-2.8,false
2011-02-04T04:52:00+09:00,8.0,87,5.1,false,14.8,false,-2.8,false
2011-02-04T04:53:00+09:00,8.0,87,5.1,false,14.8,false,-2.9,false
2011-02-04T04:54:00+09:00,7.9,87,5.1,false,14.8,false,-3.0,false
2011-02-04T04:55:00+09:00,7.8,87,5.1,false,14.8,false,-2.9,false
2011-02-04T04:56:00+09:00,7.8,87,5.3,false,14.9,false,-3.0,false
2011-02-04T04:57:00+09:00,7.8,87,5.3,false,14.9,false,-3.1,false
2011-02-04T04:58:00+09:00,7.8,87,5.3,false,15.0,false,-3.2,false
2011-02-04T04:59:00+09:00,7.8,86,5.6,false,15.0,false,-2.8,false
2011-02-04T05:00:00+09:00,7.8,86,5.6,false,15.0,false,-2.8,false
2011-02-04T05:01:00+09:00,7.6,86,5.8,false,15.1,false,-2.6,false
2011-02-04T05:02:00+09:00,7.6,87,5.9,false,15.1,false,-2.6,false
2011-02-04T05:03:00+09:00,7.6,87,6.3,false,15.2,false,-2.6,false
2011-02-04T05:04:00+09:00,7.6,87,6.6,false,15.2,false,-2.9,false
2011-02-04T05:05:00+09:00,7.5,87,6.8,false,15.2,false,-2.9,false
2011-02-04T05:06:00+09:00,7.4,87,7.2,false,15.3,false,-2.9,false
2011-02-04T05:07:00+09:00,7.2,86,7.5,false,15.3,false,-3.0,false
2011-02-04T05:08:00+09:00,7.1,86,7.7,false,15.4,false,-3.0,false
2011-02-04T05:09:00+09:00,7.0,86,8.0,false,15.4,false,-2.8,false
2011-02-04T05:10:00+09:00,6.9,86,8.1,false,15.5,false,-2.6,false
2011-02-04T05:11:00+09:00,6.8,86,8.3,false,15.5,false,-2.5,false
2011-02-04T05:12:00+09:00,6.9,86,8.4,false,15.6,false,-2.5,false
2011-02-04T05:13:00+09:00,7.0,86,8.5,false,15.6,false,-2.4,false
2011-02-04T05:14:00+09:00,7.0,86,8.7,false,15.6,false,-2.4,false
2011-02-04T05:15:00+09:00,7.1,86,8.8,false,15.7,false,-2.5,false
2011-02-04T05:16:00+09:00,7.3,86,9.1,false,15.7,false,-2.6,false
2011-02-04T05:17:00+09:00,7.5,86,9.2,false,15.8,false,-2.3,false
2011-02-04T05:18:00+09:00,7.6,86,9.5,false,15.8,false,-2.1,false
2011-02-04T05:19:00+09:00,8.0,87,9.7,false,15.9,false,-2.2,false
2011-02-04T05:20:00+09:00,8.1,87,9.8,false,15.9,false,-2.2,false
2011-02-04T05:21:00+09:00,8.3,87,9.9,false,16.0,false,-2.2,false
2011-02-04T05:22:00+09:00,8.4,87,10.2,false,16.0,false,-2.3,false
2011-02-04T05:23:00+09:00,8.6,87,10.2,false,16.1,false,-2.4,false
2011-02-04T05:24:00+09:00,8.8,87,10.4,false,16.2,false,-2.3,false
2011-02-04T05:25:00+09:00,8.9,87,10.4,false,16.2,false,-2.4,false
2011-02-04T05:26:00+09:00,9.1,86,10.6,false,16.3,false,-2.4,false
2011-02-04T05:27:00+09:00,9.2,86,10.7,false,16.3,false,-2.5,false
2011-02-04T05:28:00+09:00,9.3,86,10.7,false,16.3,false,-2.4,false
2011-02-04T05:29:00+09:00,9.4,86,10.7,false,16.3,false,-2.4,false
2011-02-04T05:30:00+09:00,9.5,86,10.7,false,16.3,false,-2.4,false
2011-02-04T05:31:00+09:00,9.7,86,10.4,false,16.4,false,-2.4,false
2011-02-04T05:32:00+09:00,9.8,86,10.3,false,16.4,false,-2.4,false
2011-02-04T05:33:00+09:00,9.9,86,10.2,false,16.3,false,-2.4,false
2011-02-04T05:34:00+09:00,9.9,86,9.9,false,16.3,false,-2.4,false
2011-02-04T05:35:00+09:00,9.9,86,9.7,false,16.3,false,-2.4,false
2011-02-04T05:36:00+09:00,10.0,85,9.6,false,16.3,false,-2.5,false
2011-02-04T05:37:00+09:00,10.1,85,9.4,false,16.3,false,-2.6,false
2011-02-04T05:38:00+09:00,10.2,85,9.2,false,16.3,false,-2.5,false
2011-02-04T05:39:00+09:00,10.3,85,9.2,false,16.3,false,-2.6,false
2011-02-04T05:40:00+09:00,10.3,85,9.0,false,16.2,false,-2.5,false
2011-02-04T05:41:00+09:00,10.3,85,8.8,false,16.2,false,-2.5,false
2011-02-04T05:42:00+09:00,10.3,85,8.7,false,16.1,false,-2.4,false
2011-02-04T05:43:00+09:00,10.4,85,8.4,false,16.0,false,-2.3,false
2011-02-04T05:44:00+09:00,10.4,85,8.1,false,16.0,false,-2.5,false
2011-02-04T05:45:00+09:00,10.5,84,8.0,false,16.0,false,-2.5,false
2011-02-04T05:46:00+09:00,10.5,84,8.0,false,15.9,false,-2.5,false
2011-02-04T05:47:00+09:00,10.6,84,7.9,false,15.9,false,-2.4,false
2011-02-04T05:48:00+09:00,10.6,84,8.0,false,15.9,false,-2.4,false
2011-02-04T05:49:00+09:00,10.6,84,8.0,false,15.8,false,-2.3,false
2011-02-04T05:50:00+09:00,10.6,84,8.3,false,15.8,false,-2.3,false
2011-02-04T05:51:00+09:00,10.6,84,8.5,false,15.7,false,-2.2,false
2011-02-04T05:52:00+09:00,10.7,84,8.8,false,15.7,false,-2.4,false
2011-02-04T05:53:00+09:00,10.7,84,9.0,false,15.7,false,-2.4,false
2011-02-04T05:54:00+09:00,10.6,84,9.2,false,15.7,false,-2.5,false
2011-02-04T05:55:00+09:00,10.7,84,9.5,false,15.6,false,-2.4,false
2011-02-04T05:56:00+09:00,10.7,84,9.7,false,15.6,false,-2.5,false
2011-02-04T05:57:00+09:00,10.7,84,9.9,false,15.6,false,-2.4,false
2011-02-04T05:58:00+09:00,10.7,84,10.0,false,15.6,false,-2.4,false
2011-02-04T05:59:00+09:00,10.7,84,10.2,false,15.5,false,-2.4,false
2011-02-04T06:00:00+09:00,10.7,84,10.4,false,15.5,false,-2.5,false
2011-02-04T06:01:00+09:00,10.7,84,10.4,false,15.5,false,-2.5,false
2011-02-04T06:02:00+09:00,10.7,84,10.6,false,15.4,false,-2.6,false
2011-02-04T06:03:00+09:00,10.7,84,10.7,false,15.4,false,-2.6,false
2011-02-04T06:04:00+09:00,10.8,84,10.7,false,15.4,false,-2.7,false
2011-02-04T06:05:00+09:00,10.8,84,10.7,false,15.4,false,-2.9,false
2011-02-04T06:06:00+09:00,10.8,84,10.7,false,15.3,false,-2.8,false
2011-02-04T06:07:00+09:00,10.8,84,10.6,false,15.3,false,-2.8,false
2011-02-04T06:08:00+09:00,10.7,84,10.4,false,15.3,false,-2.8,false
2011-02-04T06:09:00+09:00,10.8,84,10.2,false,15.3,false,-2.8,false
2011-02-04T06:10:00+09:00,10.8,84,9.9,false,15.2,false,-2.8,false
2011-02-04T06:11:00+09:00,10.8,84,9.6,false,15.2,false,-2.8,false
2011-02-04T06:12:00+09:00,10.8,84,9.4,false,15.2,false,-2.8,false
2011-02-04T06:13:00+09:00,10.8,84,9.2,false,15.2,false,-2.6,false
2011-02-04T06:14:00+09:00,10.9,84,9.0,false,15.2,false,-2.8,false
2011-02-04T06:15:00+09:00,10.8,84,8.8,false,15.1,false,-2.8,false
2011-02-04T06:16:00+09:00,10.8,84,8.7,false,15.1,false,-3.0,false
2011-02-04T06:17:00+09:00,10.8,84,8.5,false,15.1,false,-2.9,false
2011-02-04T06:18:00+09:00,10.8,84,8.4,false,15.0,false,-2.9,false
2011-02-04T06:19:00+09:00,10.8,84,8.3,false,15.0,false,-2.9,false
2011-02-04T06:20:00+09:00,10.8,84,8.3,false,15.0,false,-2.9,false
2011-02-04T06:21:00+09:00,10.8,84,8.2,false,15.0,false,-2.8,false
2011-02-04T06:22:00+09:00,10.8,84,8.2,false,15.0,false,-2.6,false
2011-02-04T06:23:00+09:00,10.8,84,8.2,false,15.0,false,-2.6,false
2011-02-04T06:24:00+09:00,10.8,84,8.4,false,14.9,false,-2.6,false
2011-02-04T06:25:00+09:00,10.8,84,8.5,false,14.9,false,-2.7,false
2011-02-04T06:26:00+09:00,10.8,84,8.7,false,14.9,false,-2.6,false
2011-02-04T06:27:00+09:00,10.9,84,9.0,false,14.9,false,-2.6,false
2011-02-04T06:28:00+09:00,10.9,84,9.2,false,14.9,false,-2.5,false
2011-02-04T06:29:00+09:00,10.9,84,9.4,false,14.8,false,-2.6,false
2011-02-04T06:30:00+09:00,10.9,84,9.7,false,14.8,false,-2.6,false
2011-02-04T06:31:00+09:00,10.9,84,9.9,false,14.8,false,-2.6,false
2011-02-04T06:32:00+09:00,10.9,83,9.9,false,14.8,false,-2.8,false
2011-02-04T06:33:00+09:00,10.9,83,10.2,false,14.8,false,-2.9,false
2011-02-04T06:34:00+09:00,10.9,83,10.4,false,14.8,false,-2.8,false
2011-02-04T06:35:00+09:00,10.9,83,10.5,false,14.8,false,-2.6,false
2011-02-04T06:36:00+09:00,11.0,83,10.7,false,14.8,false,-2.7,false
2011-02-04T06:37:00+09:00,11.0,83,10.7,false,14.7,false,-2.7,false
2011-02-04T06:38:00+09:00,11.0,83,10.8,false,14.6,false,-2.8,false
2011-02-04T06:39:00+09:00,11.0,84,10.9,false,14.6,false,-2.6,false
2011-02-04T06:40:00+09:00,11.0,84,10.9,false,14.6,false,-2.3,false
2011-02-04T06:41:00+09:00,11.0,84,10.7,false,14.8,false,-2.0,false
2011-02-04T06:42:00+09:00,11.1,84,10.6,false,14.8,false,-2.1,false
2011-02-04T06:43:00+09:00,11.1,84,10.4,false,14.8,false,-2.1,false
2011-02-04T06:44:00+09:00,11.0,84,10.2,false,14.8,false,-2.2,false
2011-02-04T06:45:00+09:00,11.2,84,10.0,false,14.8,false,-2.0,false
2011-02-04T06:46:00+09:00,11.1,84,9.9,false,14.9,false,-2.0,false
2011-02-04T06:47:00+09:00,11.1,84,9.8,false,15.0,false,-2.0,false
2011-02-04T06:48:00+09:00,11.2,84,9.6,false,15.0,false,-2.0,false
2011-02-04T06:49:00+09:00,11.2,84,9.5,false,15.0,false,-1.9,false
2011-02-04T06:50:00+09:00,11.2,84,9.4,false,15.2,false,-1.8,false
2011-02-04T06:51:00+09:00,11.2,84,9.4,false,15.2,false,-1.7,false
2011-02-04T06:52:00+09:00,11.3,84,9.2,false,15.2,false,-1.7,false
2011-02-04T06:53:00+09:00,11.4,84,9.2,false,15.3,false,-1.6,false
2011-02-04T06:54:00+09:00,11.5,84,9.1,false,15.4,false,-1.4,false
2011-02-04T06:55:00+09:00,11.4,84,8.9,false,15.4,false,-1.3,false
2011-02-04T06:56:00+09:00,11.6,84,8.8,false,15.5,false,-1.2,false
2011-02-04T06:57:00+09:00,11.6,84,8.6,false,15.6,false,-1.0,false
2011-02-04T06:58:00+09:00,11.7,84,8.5,false,15.6,false,-0.8,false
2011-02-04T06:59:00+09:00,11.7,84,8.4,false,15.7,false,-0.8,false
2011-02-04T07:00:00+09:00,11.7,84,8.4,false,15.7,false,-0.8,false
2011-02-04T07:01:00+09:00,11.7,84,8.5,false,15.8,false,-0.9,false
2011-02-04T07:02:00+09:00,11.7,84,8.7,false,15.9,false,-0.8,false
2011-02-04T07:03:00+09:00,11.6,84,8.9,false,15.9,false,-0.8,false
2011-02-04T07:04:00+09:00,11.5,84,9.2,false,16.0,false,-0.8,false
2011-02-04T07:05:00+09:00,11.4,84,9.6,false,16.0,false,-0.7,false
2011-02-04T07:06:00+09:00,11.2,84,9.9,false,16.1,false,-0.4,false
2011-02-04T07:07:00+09:00,11.1,84,10.2,false,16.2,false,-0.4,false
2011-02-04T07:08:00+09:00,10.9,84,10.5,false,16.2,false,-0.3,false
2011-02-04T07:09:00+09:00,10.7,84,10.8,false,16.3,false,-0.3,false
2011-02-04T07:10:00+09:00,10.7,84,11.1,false,16.3,false,-0.2,false
2011-02-04T07:11:00+09:00,10.5,84,11.3,false,16.3,false,0.0,false
2011-02-04T07:12:00+09:00,10.4,84,11.5,false,16.3,false,-0.2,false
2011-02-04T07:13:00+09:00,10.3,85,11.6,false,16.3,false,-0.1,false
2011-02-04T07:14:00+09:00,10.3,85,11.6,false,16.3,false,-0.1,false
2011-02-04T07:15:00+09:00,10.1,85,11.6,false,16.3,false,-0.2,false
2011-02-04T07:16:00+09:00,10.0,85,11.5,false,16.3,false,-0.4,false
2011-02-04T07:17:00+09:00,10.0,85,11.4,false,16.3,false,-0.6,false
2011-02-04T07:18:00+09:00,9.8,86,11.2,false,16.2,false,-0.7,false
2011-02-04T07:19:00+09:00,9.8,86,10.9,false,16.2,false,-0.7,false
2011-02-04T07:20:00+09:00,9.8,86,10.7,false,16.2,false,-0.8,false
2011-02-04T07:21:00+09:00,9.6,86,10.5,false,16.1,false,-0.9,false
2011-02-04T07:22:00+09:00,9.5,86,10.3,false,16.1,false,-1.0,false
2011-02-04T07:23:00+09:00,9.4,86,10.1,false,16.0,false,-1.0,false
2011-02-04T07:24:00+09:00,9.3,86,9.9,false,16.0,false,-0.8,false
2011-02-04T07:25:00+09:00,9.3,86,9.7,false,16.0,false,-0.8,false
2011-02-04T07:26:00+09:00,9.3,86,9.6,false,15.9,false,-0.8,false
2011-02-04T07:27:00+09:00,9.3,87,9.4,false,15.9,false,-0.8,false
2011-02-04T07:28:00+09:00,9.3,87,9.2,false,15.9,false,-0.8,false
2011-02-04T07:29:00+09:00,9.3,87,9.1,false,15.8,false,-0.8,false
2011-02-04T07:30:00+09:00,9.4,87,9.0,false,15.8,false,-1.0,false
2011-02-04T07:31:00+09:00,9.5,87,8.9,false,15.7,false,-1.0,false
2011-02-04T07:32:00+09:00,9.8,87,8.9,false,15.7,false,-0.9,false
2011-02-04T07:33:00+09:00,10.0,87,8.9,false,15.7,false,-0.9,false
2011-02-04T07:34:00+09:00,10.0,87,8.9,false,15.7,false,-0.8,false
2011-02-04T07:35:00+09:00,10.2,87,8.9,false,15.7,false,-0.8,false
2011-02-04T07:36:00+09:00,10.4,87,9.0,false,15.6,false,-0.8,false
2011-02-04T07:37:00+09:00,10.4,87,9.1,false,15.6,false,-0.8,false
2011-02-04T07:38:00+09:00,10.6,87,9.2,false,15.6,false,-0.8,false
2011-02-04T07:39:00+09:00,10.7,87,9.4,false,15.6,false,-0.8,false
2011-02-04T07:40:00+09:00,10.7,87,9.5,false,15.5,false,-0.7,false
2011-02-04T07:41:00+09:00,10.7,86,9.7,false,15.5,false,-0.7,false
2011-02-04T07:42:00+09:00,10.7,86,9.9,false,15.5,false,-0.6,false
2011-02-04T07:43:00+09:00,10.7,86,9.9,false,15.5,false,-0.5,false
2011-02-04T07:44:00+09:00,10.7,86,9.9,false,15.5,false,-0.4,false
2011-02-04T07:45:00+09:00,10.7,86,10.0,false,15.4,false,-0.3,false
2011-02-04T07:46:00+09:00,10.7,86,10.0,false,15.4,false,-0.2,false
2011-02-04T07:47:00+09:00,10.8,86,10.2,false,15.4,false,-0.2,false
2011-02-04T07:48:00+09:00,10.8,86,10.2,false,15.4,false,-0.1,false
2011-02-04T07:49:00+09:00,10.8,86,10.2,false,15.3,false,0.0,false
2011-02-04T07:50:00+09:00,10.9,86,10.2,false,15.3,false,-0.2,false
2011-02-04T07:51:00+09:00,10.9,86,10.3,false,15.3,false,0.0,false
2011-02-04T07:52:00+09:00,10.9,86,10.3,false,15.3,false,-0.1,false
2011-02-04T07:53:00+09:00,11.0,86,10.4,false,15.2,false,0.0,false
2011-02-04T07:54:00+09:00,11.0,86,10.4,false,15.2,false,-0.2,false
2011-02-04T07:55:00+09:00,11.0,87,10.6,false,15.2,false,-0.1,false
2011-02-04T07:56:00+09:00,11.1,87,10.6,false,15.2,false,-0.1,false
2011-02-04T07:57:00+09:00,11.2,87,10.7,false,15.2,false,0.0,false
2011-02-04T07:58:00+09:00,11.2,87,10.7,false,15.2,false,0.0,false
2011-02-04T07:59:00+09:00,11.2,87,10.8,false,15.2,false,0.1,false
2011-02-04T08:00:00+09:00,11.3,87,10.9,false,15.2,false,0.1,false
2011-02-04T08:01:00+09:00,11.4,87,11.0,false,15.2,false,0.2,false
2011-02-04T08:02:00+09:00,11.3,87,11.0,false,15.1,false,0.3,false
2011-02-04T08:03:00+09:00,11.1,86,10.6,false,15.1,false,0.4,false
2011-02-04T08:04:00+09:00,10.9,85,10.2,false,15.0,false,0.5,false
2011-02-04T08:05:00+09:00,10.7,84,9.9,false,15.0,false,0.7,false
2011-02-04T08:06:00+09:00,10.5,83,9.7,false,15.0,false,0.9,false
2011-02-04T08:07:00+09:00,10.4,83,9.7,false,15.0,false,1.2,false
2011-02-04T08:08:00+09:00,10.3,83,9.7,false,15.0,false,1.5,false
2011-02-04T08:09:00+09:00,10.3,83,9.8,false,15.0,false,1.5,false
2011-02-04T08:10:00+09:00,10.3,83,9.9,false,15.0,false,1.4,false
2011-02-04T08:11:00+09:00,10.3,83,9.9,false,15.0,false,1.4,false
2011-02-04T08:12:00+09:00,10.3,82,9.9,false,14.9,false,1.3,false
2011-02-04T08:13:00+09:00,10.2,82,9.9,false,14.9,false,1.2,false
2011-02-04T08:14:00+09:00,10.1,83,9.9,false,14.9,false,1.2,false
2011-02-04T08:15:00+09:00,10.1,83,9.9,false,14.9,false,1.0,false
2011-02-04T08:16:00+09:00,10.1,83,9.9,false,14.9,false,0.9,false
2011-02-04T08:17:00+09:00,10.1,83,9.9,false,14.9,false,0.6,false
2011-02-04T08:18:00+09:00,10.1,83,9.9,false,14.8,false,0.5,false
2011-02-04T08:19:00+09:00,10.1,83,9.8,false,14.8,false,0.5,false
2011-02-04T08:20:00+09:00,10.1,83,9.8,false,14.8,false,0.5,false
2011-02-04T08:21:00+09:00,10.3,82,9.8,false,14.8,false,0.7,false
2011-02-04T08:22:00+09:00,10.3,82,10.0,false,14.8,false,1.0,false
2011-02-04T08:23:00+09:00,10.5,82,10.3,false,14.8,false,1.3,false
2011-02-04T08:24:00+09:00,10.7,82,10.7,false,14.8,false,1.6,false
2011-02-04T08:25:00+09:00,10.9,82,11.0,false,14.8,false,1.9,false
2011-02-04T08:26:00+09:00,11.2,81,11.3,false,14.8,false,2.1,false
2011-02-04T08:27:00+09:00,11.4,81,11.6,false,14.8,false,2.2,false
2011-02-04T08:28:00+09:00,11.6,80,11.9,false,14.8,false,2.5,false
2011-02-04T08:29:00+09:00,11.8,80,12.2,false,14.8,false,2.6,false
2011-02-04T08:30:00+09:00,11.9,80,12.5,false,14.7,false,2.9,false
2011-02-04T08:31:00+09:00,12.1,79,12.8,false,14.6,false,3.2,false
2011-02-04T08:32:00+09:00,12.3,79,13.1,false,14.6,false,3.4,false
2011-02-04T08:33:00+09:00,12.4,79,13.4,false,14.6,false,3.6,false
2011-02-04T08:34:00+09:00,12.6,78,13.6,false,14.6,false,3.7,false
2011-02-04T08:35:00+09:00,12.8,78,13.8,false,14.6,false,3.9,false
2011-02-04T08:36:00+09:00,13.0,77,14.1,false,14.6,false,3.9,false
2011-02-04T08:37:00+09:00,13.2,77,14.5,false,14.6,false,3.9,false
2011-02-04T08:38:00+09:00,13.5,77,14.7,false,14.6,false,4.0,false
2011-02-04T08:39:00+09:00,13.7,76,14.8,false,14.6,false,4.2,false
2011-02-04T08:40:00+09:00,14.0,75,15.0,false,14.6,false,4.3,false
2011-02-04T08:41:00+09:00,14.2,75,15.1,false,14.6,false,4.4,false
2011-02-04T08:42:00+09:00,14.4,75,15.2,false,14.6,false,4.6,false
2011-02-04T08:43:00+09:00,14.6,74,15.4,false,14.6,false,5.0,false
2011-02-04T08:44:00+09:00,14.8,74,15.6,false,14.6,false,5.2,false
2011-02-04T08:45:00+09:00,14.9,73,15.8,false,14.6,false,5.6,false
2011-02-04T08:46:00+09:00,15.1,73,15.9,false,14.6,false,5.5,false
2011-02-04T08:47:00+09:00,15.3,73,16.1,false,14.6,false,5.2,false
2011-02-04T08:48:00+09:00,15.4,73,16.3,false,14.6,false,5.1,false
2011-02-04T08:49:00+09:00,15.5,73,16.2,false,14.6,false,5.1,false
2011-02-04T08:50:00+09:00,15.5,72,16.2,false,14.6,false,5.1,false
2011-02-04T08:51:00+09:00,15.5,72,16.1,false,14.6,false,5.1,false
2011-02-04T08:52:00+09:00,15.6,72,16.1,false,14.6,false,5.2,false
2011-02-04T08:53:00+09:00,15.7,72,16.1,false,14.6,false,5.5,false
2011-02-04T08:54:00+09:00,15.7,72,16.3,false,14.6,false,5.8,false
2011-02-04T08:55:00+09:00,15.7,72,16.3,false,14.6,false,6.0,false
2011-02-04T08:56:00+09:00,15.7,72,16.2,false,14.6,false,6.0,false
2011-02-04T08:57:00+09:00,15.8,72,16.5,false,14.6,false,6.0,false
2011-02-04T08:58:00+09:00,15.8,72,16.6,false,14.8,false,5.7,false
2011-02-04T08:59:00+09:00,15.9,72,16.4,false,14.8,false,5.6,false
2011-02-04T09:00:00+09:00,15.9,72,16.8,false,14.8,false,5.4,false
2011-02-04T09:01:00+09:00,16.0,72,16.9,false,14.8,false,5.5,false
2011-02-04T09:02:00+09:00,16.1,72,17.0,false,14.8,false,5.5,false
2011-02-04T09:03:00+09:00,16.1,72,17.5,false,14.8,false,5.5,false
2011-02-04T09:04:00+09:00,16.3,72,17.5,false,14.8,false,5.5,false
2011-02-04T09:05:00+09:00,16.3,72,17.7,false,14.8,false,5.6,false
2011-02-04T09:06:00+09:00,16.4,72,17.8,false,14.8,false,6.0,false
2011-02-04T09:07:00+09:00,16.6,72,17.8,false,14.8,false,6.5,false
2011-02-04T09:08:00+09:00,16.6,72,18.1,false,14.8,false,7.1,false
2011-02-04T09:09:00+09:00,16.8,72,18.4,false,14.8,false,7.6,false
2011-02-04T09:10:00+09:00,17.0,72,18.6,false,14.9,false,7.8,false
2011-02-04T09:11:00+09:00,17.2,72,18.6,false,14.9,false,8.1,false
2011-02-04T09:12:00+09:00,17.3,72,19.0,false,14.9,false,8.5,false
2011-02-04T09:13:00+09:00,17.6,72,19.1,false,14.9,false,8.5,false
2011-02-04T09:14:00+09:00,17.7,72,19.2,false,15.0,false,8.6,false
2011-02-04T09:15:00+09:00,18.1,72,19.4,false,15.0,false,9.0,false
2011-02-04T09:16:00+09:00,18.2,72,19.8,false,15.0,false,9.2,false
2011-02-04T09:17:00+09:00,18.5,72,20.2,false,15.0,false,9.3,false
2011-02-04T09:18:00+09:00,18.7,71,20.3,false,15.0,false,9.6,false
2011-02-04T09:19:00+09:00,19.0,71,20.5,false,15.0,false,9.7,false
2011-02-04T09:20:00+09:00,19.2,71,20.6,false,15.1,false,9.8,false
2011-02-04T09:21:00+09:00,19.3,70,20.9,false,15.2,false,9.8,false
2011-02-04T09:22:00+09:00,19.4,70,21.0,false,15.2,false,9.7,false
2011-02-04T09:23:00+09:00,19.6,70,21.2,false,15.2,false,9.8,false
2011-02-04T09:24:00+09:00,19.9,70,21.2,false,15.2,false,9.8,false
2011-02-04T09:25:00+09:00,20.0,70,21.3,false,15.2,false,10.2,false
2011-02-04T09:26:00+09:00,20.3,70,21.3,false,15.3,false,10.5,false
2011-02-04T09:27:00+09:00,20.4,70,21.3,false,15.3,false,10.5,false
2011-02-04T09:28:00+09:00,20.5,69,21.5,false,15.3,false,10.3,false
2011-02-04T09:29:00+09:00,20.7,69,21.5,false,15.4,false,10.6,false
2011-02-04T09:30:00+09:00,20.9,69,21.3,false,15.4,false,10.9,false
2011-02-04T09:31:00+09:00,21.0,69,21.3,false,15.4,false,11.2,false
2011-02-04T09:32:00+09:00,21.1,69,21.5,false,15.5,false,11.6,false
2011-02-04T09:33:00+09:00,21.2,69,21.3,false,15.5,false,11.7,false
2011-02-04T09:34:00+09:00,21.3,69,21.5,false,15.5,false,11.3,false
2011-02-04T09:35:00+09:00,21.5,69,21.7,false,15.6,false,11.1,false
2011-02-04T09:36:00+09:00,21.5,69,21.7,false,15.6,false,10.8,false
2011-02-04T09:37:00+09:00,21.6,69,21.7,false,15.7,false,10.8,false
2011-02-04T09:38:00+09:00,21.6,69,21.8,false,15.7,false,10.6,false
2011-02-04T09:39:00+09:00,21.8,69,21.9,false,15.7,false,10.6,false
2011-02-04T09:40:00+09:00,21.8,69,22.1,false,15.8,false,10.5,false
2011-02-04T09:41:00+09:00,21.9,69,22.2,false,15.8,false,10.5,false
2011-02-04T09:42:00+09:00,22.0,70,22.3,false,15.9,false,10.6,false
2011-02-04T09:43:00+09:00,22.1,70,22.3,false,15.9,false,10.6,false
2011-02-04T09:44:00+09:00,22.2,70,22.4,false,15.9,false,10.6,false
2011-02-04T09:45:00+09:00,22.3,70,22.4,false,16.0,false,10.3,false
2011-02-04T09:46:00+09:00,22.3,70,22.6,false,16.0,false,9.8,false
2011-02-04T09:47:00+09:00,22.4,70,22.7,false,16.1,false,9.2,false
2011-02-04T09:48:00+09:00,22.4,70,22.7,false,16.2,false,8.6,false
2011-02-04T09:49:00+09:00,22.5,70,22.7,false,16.2,false,8.3,false
2011-02-04T09:50:00+09:00,22.5,70,22.7,false,16.3,false,8.1,false
2011-02-04T09:51:00+09:00,22.6,70,22.6,false,16.3,false,7.4,false
2011-02-04T09:52:00+09:00,22.6,70,22.7,false,16.3,false,7.1,false
2011-02-04T09:53:00+09:00,22.6,69,22.7,false,16.4,false,7.0,false
2011-02-04T09:54:00+09:00,22.6,69,22.7,false,16.4,false,7.2,false
2011-02-04T09:55:00+09:00,22.6,70,22.8,false,16.5,false,7.3,false
2011-02-04T09:56:00+09:00,22.7,69,22.7,false,16.6,false,7.5,false
2011-02-04T09:57:00+09:00,22.7,69,22.7,false,16.6,false,7.7,false
2011-02-04T09:58:00+09:00,22.7,70,22.7,false,16.7,false,7.9,false
2011-02-04T09:59:00+09:00,22.7,70,22.6,false,16.7,false,8.2,false
2011-02-04T10:00:00+09:00,22.7,69,22.7,false,16.7,false,8.2,false
2011-02-04T10:01:00+09:00,22.7,69,22.9,false,16.8,false,8.4,false
2011-02-04T10:02:00+09:00,22.8,69,22.8,false,16.8,false,8.8,false
2011-02-04T10:03:00+09:00,22.9,69,23.0,false,16.9,false,9.1,false
2011-02-04T10:04:00+09:00,22.9,70,23.0,false,16.9,false,9.2,false
2011-02-04T10:05:00+09:00,23.0,70,23.1,false,17.0,false,9.5,false
2011-02-04T10:06:00+09:00,23.1,70,23.1,false,17.1,false,9.6,false
2011-02-04T10:07:00+09:00,23.1,70,23.3,false,17.1,false,9.6,false
2011-02-04T10:08:00+09:00,23.1,70,23.3,false,17.2,false,9.6,false
2011-02-04T10:09:00+09:00,23.3,70,23.5,false,17.2,false,9.8,false
2011-02-04T10:10:00+09:00,23.3,70,23.5,false,17.2,false,9.9,false
2011-02-04T10:11:00+09:00,23.4,70,23.6,false,17.3,false,9.9,false
2011-02-04T10:12:00+09:00,23.5,70,23.6,false,17.3,false,9.6,false
2011-02-04T10:13:00+09:00,23.6,70,23.9,false,17.3,false,9.6,false
2011-02-04T10:14:00+09:00,23.7,70,24.0,false,17.5,false,9.6,false
2011-02-04T10:15:00+09:00,23.7,70,24.0,false,17.5,false,9.6,false
2011-02-04T10:16:00+09:00,23.8,70,24.1,false,17.6,false,9.9,false
2011-02-04T10:17:00+09:00,24.0,70,24.2,false,17.6,false,10.0,false
2011-02-04T10:18:00+09:00,24.0,70,24.3,false,17.7,false,10.0,false
2011-02-04T10:19:00+09:00,24.1,70,24.3,false,17.7,false,9.7,false
2011-02-04T10:20:00+09:00,24.2,70,24.4,false,17.8,false,9.6,false
2011-02-04T10:21:00+09:00,24.3,70,24.5,false,17.8,false,9.6,false
2011-02-04T10:22:00+09:00,24.4,70,24.6,false,17.9,false,9.6,false
2011-02-04T10:23:00+09:00,24.5,70,24.7,false,17.9,false,9.8,false
2011-02-04T10:24:00+09:00,24.5,69,24.7,false,18.1,false,9.9,false
2011-02-04T10:25:00+09:00,24.5,67,24.8,false,18.1,false,10.1,false
2011-02-04T10:26:00+09:00,24.4,64,24.8,false,18.1,false,10.1,false
2011-02-04T10:27:00+09:00,24.1,63,25.0,false,18.2,false,10.1,false
2011-02-04T10:28:00+09:00,24.0,63,25.0,false,18.2,false,10.1,false
2011-02-04T10:29:00+09:00,24.0,65,25.1,false,18.4,false,10.1,false
2011-02-04T10:30:00+09:00,23.9,65,25.1,false,18.4,false,9.7,false
2011-02-04T10:31:00+09:00,23.8,66,25.1,false,18.4,false,9.7,false
2011-02-04T10:32:00+09:00,23.9,66,25.1,false,18.4,false,9.8,false
2011-02-04T10:33:00+09:00,24.0,67,25.1,false,18.5,false,10.1,false
2011-02-04T10:34:00+09:00,24.0,65,25.1,false,18.5,false,10.2,false
2011-02-04T10:35:00+09:00,23.8,63,25.2,false,18.6,false,10.5,false
2011-02-04T10:36:00+09:00,23.6,61,25.3,false,18.6,false,10.6,false
2011-02-04T10:37:00+09:00,23.3,62,25.4,false,18.6,false,10.8,false
2011-02-04T10:38:00+09:00,23.1,62,25.2,false,18.7,false,10.3,false
2011-02-04T10:39:00+09:00,23.1,64,25.1,false,18.7,false,10.1,false
2011-02-04T10:40:00+09:00,23.2,65,25.1,false,18.8,false,10.0,false
2011-02-04T10:41:00+09:00,23.3,66,25.1,false,18.8,false,10.1,false
2011-02-04T10:42:00+09:00,23.5,66,25.1,false,19.0,false,10.1,false
2011-02-04T10:43:00+09:00,23.6,67,25.2,false,19.0,false,10.6,false
2011-02-04T10:44:00+09:00,23.8,67,25.4,false,19.0,false,10.7,false
2011-02-04T10:45:00+09:00,24.0,68,25.4,false,19.1,false,10.7,false
2011-02-04T10:46:00+09:00,24.2,68,25.6,false,19.1,false,10.9,false
2011-02-04T10:47:00+09:00,24.4,69,25.8,false,19.1,false,11.5,false
2011-02-04T10:48:00+09:00,24.5,66,26.0,false,19.2,false,12.1,false
2011-02-04T10:49:00+09:00,24.5,64,26.3,false,19.2,false,12.3,false
2011-02-04T10:50:00+09:00,24.5,64,26.3,false,19.2,false,12.5,false
2011-02-04T10:51:00+09:00,24.7,64,26.2,false,19.2,false,12.1,false
2011-02-04T10:52:00+09:00,24.8,65,26.2,false,19.3,false,11.5,false
2011-02-04T10:53:00+09:00,25.0,66,26.2,false,19.3,false,11.0,false
2011-02-04T10:54:00+09:00,25.0,67,26.2,false,19.4,false,11.2,false
2011-02-04T10:55:00+09:00,25.3,67,26.3,false,19.4,false,12.2,false
2011-02-04T10:56:00+09:00,25.5,67,26.3,false,19.4,false,12.2,false
2011-02-04T10:57:00+09:00,25.6,67,26.4,false,19.5,false,12.4,false
2011-02-04T10:58:00+09:00,25.8,67,26.4,false,19.5,false,12.2,false
2011-02-04T10:59:00+09:00,26.0,68,26.4,false,19.6,false,11.6,false
2011-02-04T11:00:00+09:00,26.1,67,26.4,false,19.6,false,11.7,false
2011-02-04T11:01:00+09:00,26.3,67,26.2,false,19.6,false,11.7,false
2011-02-04T11:02:00+09:00,26.4,67,26.2,false,19.7,false,11.6,false
2011-02-04T11:03:00+09:00,26.6,67,26.2,false,19.7,false,11.9,false
2011-02-04T11:04:00+09:00,26.8,66,25.7,false,19.7,false,11.5,false
2011-02-04T11:05:00+09:00,26.8,64,25.4,false,19.8,false,11.1,false
2011-02-04T11:06:00+09:00,26.8,64,24.7,false,19.8,false,10.8,false
2011-02-04T11:07:00+09:00,26.6,62,24.3,false,19.8,false,10.8,false
2011-02-04T11:08:00+09:00,26.3,61,24.2,false,19.8,false,10.9,false
2011-02-04T11:09:00+09:00,26.3,62,24.1,false,19.9,false,11.0,false
2011-02-04T11:10:00+09:00,26.3,62,24.1,false,19.9,false,11.3,false
2011-02-04T11:11:00+09:00,26.1,62,24.2,false,19.9,false,11.4,false
2011-02-04T11:12:00+09:00,26.1,63,24.3,false,20.0,false,11.7,false
2011-02-04T11:13:00+09:00,26.2,63,24.5,false,20.0,false,12.1,false
2011-02-04T11:14:00+09:00,26.4,62,24.7,false,20.1,false,12.5,false
2011-02-04T11:15:00+09:00,26.4,62,24.8,false,20.1,false,12.6,false
2011-02-04T11:16:00+09:00,26.6,62,25.0,false,20.1,false,12.8,false
2011-02-04T11:17:00+09:00,26.8,63,24.9,false,20.1,false,13.0,false
2011-02-04T11:18:00+09:00,27.0,63,24.8,false,20.1,false,13.2,false
2011-02-04T11:19:00+09:00,27.0,63,24.8,false,20.3,false,13.5,false
2011-02-04T11:20:00+09:00,27.1,62,24.8,false,20.3,false,13.7,false
2011-02-04T11:21:00+09:00,27.1,61,24.9,false,20.3,false,13.4,false
2011-02-04T11:22:00+09:00,27.1,60,25.0,false,20.3,false,13.0,false
2011-02-04T11:23:00+09:00,27.0,59,25.1,false,20.3,false,13.2,false
2011-02-04T11:24:00+09:00,26.8,59,25.2,false,20.4,false,13.3,false
2011-02-04T11:25:00+09:00,26.8,58,25.4,false,20.4,false,13.1,false
2011-02-04T11:26:00+09:00,26.7,58,25.6,false,20.4,false,13.0,false
2011-02-04T11:27:00+09:00,26.6,59,25.8,false,20.5,false,12.9,false
2011-02-04T11:28:00+09:00,26.5,59,26.0,false,20.5,false,12.8,false
2011-02-04T11:29:00+09:00,26.5,61,26.2,false,20.5,false,12.4,false
2011-02-04T11:30:00+09:00,26.6,61,26.3,false,20.5,false,12.6,false
2011-02-04T11:31:00+09:00,26.7,61,26.4,false,20.5,false,12.6,false
2011-02-04T11:32:00+09:00,26.8,62,26.3,false,20.6,false,12.7,false
2011-02-04T11:33:00+09:00,27.0,61,26.4,false,20.7,false,12.9,false
2011-02-04T11:34:00+09:00,27.0,60,26.5,false,20.7,false,13.2,false
2011-02-04T11:35:00+09:00,27.0,59,26.2,false,20.7,false,13.0,false
2011-02-04T11:36:00+09:00,26.8,58,25.8,false,20.7,false,12.9,false
2011-02-04T11:37:00+09:00,26.8,60,25.8,false,20.9,false,12.7,false
2011-02-04T11:38:00+09:00,27.0,62,25.9,false,20.9,false,13.4,false
2011-02-04T11:39:00+09:00,27.1,61,26.0,false,20.9,false,13.7,false
2011-02-04T11:40:00+09:00,27.1,60,25.9,false,20.9,false,14.1,false
2011-02-04T11:41:00+09:00,27.2,60,26.2,false,20.9,false,14.1,false
2011-02-04T11:42:00+09:00,27.2,60,26.3,false,21.0,false,14.1,false
2011-02-04T11:43:00+09:00,27.3,60,26.5,false,21.0,false,14.1,false
2011-02-04T11:44:00+09:00,27.4,60,26.6,false,21.1,false,13.5,false
2011-02-04T11:45:00+09:00,27.5,60,26.8,false,21.1,false,12.9,false
2011-02-04T11:46:00+09:00,27.5,58,26.6,false,21.1,false,13.1,false
2011-02-04T11:47:00+09:00,27.4,57,26.8,false,21.1,false,13.4,false
2011-02-04T11:48:00+09:00,27.4,58,26.9,false,21.1,false,13.4,false
2011-02-04T11:49:00+09:00,27.4,55,27.1,false,21.2,false,13.3,false
2011-02-04T11:50:00+09:00,27.3,55,27.1,false,21.2,false,13.0,false
2011-02-04T11:51:00+09:00,27.1,55,27.1,false,21.3,false,13.0,false
2011-02-04T11:52:00+09:00,27.1,56,27.2,false,21.3,false,13.1,false
2011-02-04T11:53:00+09:00,27.1,55,27.4,false,21.3,false,13.3,false
2011-02-04T11:54:00+09:00,26.8,52,27.4,false,21.4,false,13.5,false
2011-02-04T11:55:00+09:00,26.3,50,27.5,false,21.4,false,13.7,false
2011-02-04T11:56:00+09:00,25.9,49,27.4,false,21.4,false,13.7,false
2011-02-04T11:57:00+09:00,25.4,50,27.0,false,21.5,false,13.6,false
2011-02-04T11:58:00+09:00,25.1,51,26.6,false,21.5,false,12.9,false
2011-02-04T11:59:00+09:00,24.9,51,26.3,false,21.6,false,12.3,false
2011-02-04T12:00:00+09:00,24.7,51,26.0,false,21.6,false,12.1,false
2011-02-04T12:01:00+09:00,24.6,52,26.2,false,21.6,false,12.1,false
2011-02-04T12:02:00+09:00,24.7,55,26.4,false,21.6,false,12.2,false
2011-02-04T12:03:00+09:00,25.0,58,26.8,false,21.7,false,12.1,false
2011-02-04T12:04:00+09:00,25.2,58,27.3,false,21.7,false,11.9,false
2011-02-04T12:05:00+09:00,25.6,58,27.4,false,21.8,false,11.7,false
2011-02-04T12:06:00+09:00,25.9,57,27.6,false,21.8,false,11.5,false
2011-02-04T12:07:00+09:00,26.0,56,27.7,false,21.8,false,11.6,false
2011-02-04T12:08:00+09:00,26.3,55,27.9,false,21.8,false,11.5,false
2011-02-04T12:09:00+09:00,26.5,56,28.0,false,21.8,false,11.8,false
2011-02-04T12:10:00+09:00,26.8,57,28.3,false,21.8,false,12.1,false
2011-02-04T12:11:00+09:00,27.2,57,28.7,false,21.9,false,12.3,false
2011-02-04T12:12:00+09:00,27.4,58,29.0,false,21.9,false,12.5,false
2011-02-04T12:13:00+09:00,27.8,58,29.3,false,22.0,false,12.6,false
2011-02-04T12:14:00+09:00,28.3,59,29.2,false,22.0,false,12.7,false
2011-02-04T12:15:00+09:00,28.6,57,29.2,false,22.0,false,12.4,false
2011-02-04T12:16:00+09:00,28.6,52,28.3,false,22.0,false,12.6,false
2011-02-04T12:17:00+09:00,28.1,46,26.6,false,22.2,false,12.6,false
2011-02-04T12:18:00+09:00,27.2,43,25.9,false,22.2,false,12.5,false
2011-02-04T12:19:00+09:00,26.1,42,25.2,false,22.2,false,12.6,false
2011-02-04T12:20:00+09:00,25.2,42,24.7,false,22.2,false,12.5,false
2011-02-04T12:21:00+09:00,24.5,43,25.1,false,22.2,false,12.7,false
2011-02-04T12:22:00+09:00,24.2,45,25.5,false,22.3,false,12.9,false
2011-02-04T12:23:00+09:00,24.2,50,26.3,false,22.3,false,13.0,false
2011-02-04T12:24:00+09:00,24.4,50,26.9,false,22.3,false,13.0,false
2011-02-04T12:25:00+09:00,24.5,49,27.4,false,22.3,false,13.2,false
2011-02-04T12:26:00+09:00,24.8,49,27.8,false,22.3,false,13.1,false
2011-02-04T12:27:00+09:00,25.3,52,28.3,false,22.4,false,12.9,false
2011-02-04T12:28:00+09:00,25.7,54,28.3,false,22.4,false,12.8,false
2011-02-04T12:29:00+09:00,26.1,54,27.7,false,22.4,false,13.1,false
2011-02-04T12:30:00+09:00,26.4,52,27.5,false,22.4,false,13.4,false
2011-02-04T12:31:00+09:00,26.7,52,27.7,false,22.5,false,13.2,false
2011-02-04T12:32:00+09:00,26.8,51,28.0,false,22.5,false,13.3,false
2011-02-04T12:33:00+09:00,27.1,52,28.2,false,22.6,false,13.4,false
2011-02-04T12:34:00+09:00,27.3,52,28.3,false,22.6,false,13.7,false
2011-02-04T12:35:00+09:00,27.6,53,28.6,false,22.6,false,14.0,false
2011-02-04T12:36:00+09:00,27.9,56,28.8,false,22.7,false,14.1,false
2011-02-04T12:37:00+09:00,28.3,52,28.6,false,22.7,false,14.1,false
2011-02-04T12:38:00+09:00,28.3,50,28.6,false,22.7,false,14.3,false
2011-02-04T12:39:00+09:00,28.5,51,28.5,false,22.7,false,14.4,false
2011-02-04T12:40:00+09:00,28.4,44,28.2,false,22.8,false,14.4,false
2011-02-04T12:41:00+09:00,27.9,42,27.7,false,22.9,false,14.5,false
2011-02-04T12:42:00+09:00,27.3,40,26.6,false,22.9,false,14.2,false
2011-02-04T12:43:00+09:00,26.5,40,25.2,false,22.9,false,14.5,false
2011-02-04T12:44:00+09:00,25.9,39,24.9,false,22.9,false,14.8,false
2011-02-04T12:45:00+09:00,25.3,39,25.0,false,23.0,false,14.8,false
2011-02-04T12:46:00+09:00,25.0,43,25.1,false,23.0,false,14.2,false
2011-02-04T12:47:00+09:00,25.0,45,25.3,false,23.0,false,14.1,false
2011-02-04T12:48:00+09:00,25.1,45,25.8,false,23.0,false,14.5,false
2011-02-04T12:49:00+09:00,25.4,46,26.6,false,23.1,false,14.5,false
2011-02-04T12:50:00+09:00,25.9,50,27.7,false,23.1,false,14.4,false
2011-02-04T12:51:00+09:00,26.4,54,28.7,false,23.1,false,14.5,false
2011-02-04T12:52:00+09:00,27.1,56,29.0,false,23.1,false,14.5,false
2011-02-04T12:53:00+09:00,27.7,54,29.5,false,23.2,false,14.9,false
2011-02-04T12:54:00+09:00,28.3,51,28.8,false,23.2,false,15.1,false
2011-02-04T12:55:00+09:00,28.9,47,28.3,false,23.3,false,14.7,false
2011-02-04T12:56:00+09:00,29.0,40,27.5,false,23.3,false,14.6,false
2011-02-04T12:57:00+09:00,28.8,39,27.4,false,23.3,false,14.9,false
2011-02-04T12:58:00+09:00,28.5,38,27.3,false,23.4,false,15.4,false
2011-02-04T12:59:00+09:00,28.3,37,27.3,false,23.4,false,15.4,false
2011-02-04T13:00:00+09:00,28.3,38,26.6,false,23.4,false,15.3,false
2011-02-04T13:01:00+09:00,28.3,42,27.0,false,23.4,false,15.0,false
2011-02-04T13:02:00+09:00,28.6,47,27.5,false,23.4,false,14.7,false
2011-02-04T13:03:00+09:00,28.9,47,28.3,false,23.5,false,14.9,false
2011-02-04T13:04:00+09:00,29.1,45,29.1,false,23.5,false,15.3,false
2011-02-04T13:05:00+09:00,29.3,42,28.8,false,23.5,false,15.9,false
2011-02-04T13:06:00+09:00,29.1,37,28.4,false,23.5,false,16.3,false
2011-02-04T13:07:00+09:00,28.9,35,28.0,false,23.5,false,16.5,false
2011-02-04T13:08:00+09:00,28.4,35,27.9,false,23.6,false,16.0,false
2011-02-04T13:09:00+09:00,28.0,36,28.3,false,23.6,false,15.9,false
2011-02-04T13:10:00+09:00,27.8,35,28.8,false,23.6,false,16.0,false
2011-02-04T13:11:00+09:00,27.4,34,28.7,false,23.6,false,15.9,false
2011-02-04T13:12:00+09:00,27.1,35,28.8,false,23.7,false,16.1,false
2011-02-04T13:13:00+09:00,26.8,34,28.3,false,23.7,false,16.2,false
2011-02-04T13:14:00+09:00,26.7,35,28.6,false,23.7,false,16.3,false
2011-02-04T13:15:00+09:00,26.7,37,28.5,false,23.8,false,16.4,false
2011-02-04T13:16:00+09:00,26.6,35,27.3,false,23.8,false,16.6,false
2011-02-04T13:17:00+09:00,26.3,34,26.2,false,23.8,false,16.5,false
2011-02-04T13:18:00+09:00,26.0,36,26.4,false,23.8,false,16.5,false
2011-02-04T13:19:00+09:00,25.9,38,26.4,false,23.8,false,16.6,false
2011-02-04T13:20:00+09:00,25.9,39,26.6,false,23.8,false,16.8,false
2011-02-04T13:21:00+09:00,26.1,45,27.0,false,23.8,false,17.0,false
2011-02-04T13:22:00+09:00,26.4,48,26.9,false,23.9,false,16.9,false
2011-02-04T13:23:00+09:00,26.7,48,26.3,false,23.9,false,17.1,false
2011-02-04T13:24:00+09:00,27.1,48,26.2,false,24.0,false,17.5,false
2011-02-04T13:25:00+09:00,27.4,48,25.8,false,24.0,false,17.5,false
2011-02-04T13:26:00+09:00,27.7,50,25.8,false,24.0,false,17.2,false
2011-02-04T13:27:00+09:00,28.0,47,25.9,false,24.0,false,16.8,false
2011-02-04T13:28:00+09:00,28.3,49,25.7,false,24.0,false,16.2,false
2011-02-04T13:29:00+09:00,28.5,44,26.0,false,24.0,false,16.2,false
2011-02-04T13:30:00+09:00,28.3,41,25.7,false,24.1,false,16.3,false
2011-02-04T13:31:00+09:00,28.3,40,25.6,false,24.1,false,16.0,false
2011-02-04T13:32:00+09:00,28.3,45,26.0,false,24.1,false,15.8,false
2011-02-04T13:33:00+09:00,28.0,43,26.2,false,24.1,false,16.2,false
2011-02-04T13:34:00+09:00,28.0,43,26.8,false,24.1,false,16.6,false
2011-02-04T13:35:00+09:00,28.0,43,27.1,false,24.1,false,16.7,false
2011-02-04T13:36:00+09:00,28.0,44,27.4,false,24.1,false,17.2,false
2011-02-04T13:37:00+09:00,28.0,42,27.1,false,24.1,false,17.2,false
2011-02-04T13:38:00+09:00,27.9,40,27.0,false,24.1,false,17.0,false
2011-02-04T13:39:00+09:00,27.8,38,27.0,false,24.1,false,16.9,false
2011-02-04T13:40:00+09:00,27.7,39,26.8,false,24.1,false,16.9,false
2011-02-04T13:41:00+09:00,27.7,40,26.8,false,24.2,false,17.0,false
2011-02-04T13:42:00+09:00,27.8,44,26.9,false,24.2,false,17.3,false
2011-02-04T13:43:00+09:00,27.9,45,27.4,false,24.2,false,17.5,false
2011-02-04T13:44:00+09:00,27.9,44,27.3,false,24.2,false,17.0,false
2011-02-04T13:45:00+09:00,27.9,41,27.1,false,24.2,false,17.0,false
2011-02-04T13:46:00+09:00,27.8,38,26.8,false,24.2,false,17.1,false
2011-02-04T13:47:00+09:00,27.8,39,27.2,false,24.2,false,17.5,false
2011-02-04T13:48:00+09:00,27.6,36,26.9,false,24.2,false,17.2,false
2011-02-04T13:49:00+09:00,27.3,37,26.9,false,24.2,false,17.0,false
2011-02-04T13:50:00+09:00,27.1,36,26.9,false,24.2,false,17.2,false
2011-02-04T13:51:00+09:00,27.0,36,26.9,false,24.2,false,17.2,false
2011-02-04T13:52:00+09:00,26.7,36,26.8,false,24.2,false,16.9,false
2011-02-04T13:53:00+09:00,26.4,35,26.5,false,24.2,false,16.6,false
2011-02-04T13:54:00+09:00,26.1,34,26.8,false,24.2,false,16.2,false
2011-02-04T13:55:00+09:00,25.9,35,27.3,false,24.3,false,16.2,false
2011-02-04T13:56:00+09:00,26.0,40,27.7,false,24.3,false,16.3,false
2011-02-04T13:57:00+09:00,26.1,38,28.0,false,24.3,false,16.3,false
2011-02-04T13:58:00+09:00,26.3,37,27.9,false,24.3,false,16.6,false
2011-02-04T13:59:00+09:00,26.4,35,27.9,false,24.3,false,16.5,false
2011-02-04T14:00:00+09:00,26.4,34,27.5,false,24.4,false,16.8,false
2011-02-04T14:01:00+09:00,26.6,35,27.8,false,24.4,false,16.5,false
2011-02-04T14:02:00+09:00,26.6,34,27.6,false,24.4,false,16.6,false
2011-02-04T14:03:00+09:00,26.5,34,27.2,false,24.4,false,16.6,false
2011-02-04T14:04:00+09:00,26.6,37,27.3,false,24.4,false,16.0,false
2011-02-04T14:05:00+09:00,26.6,35,27.0,false,24.4,false,15.9,false
2011-02-04T14:06:00+09:00,26.5,34,26.8,false,24.4,false,15.7,false
2011-02-04T14:07:00+09:00,26.4,38,26.5,false,24.4,false,15.3,false
2011-02-04T14:08:00+09:00,26.4,39,26.8,false,24.4,false,15.7,false
2011-02-04T14:09:00+09:00,26.4,38,26.4,false,24.4,false,15.9,false
2011-02-04T14:10:00+09:00,26.4,37,26.6,false,24.5,false,15.9,false
2011-02-04T14:11:00+09:00,26.3,35,26.9,false,24.5,false,15.9,false
2011-02-04T14:12:00+09:00,26.3,38,27.3,false,24.5,false,15.9,false
2011-02-04T14:13:00+09:00,26.3,38,27.7,false,24.5,false,16.5,false
2011-02-04T14:14:00+09:00,26.5,40,28.0,false,24.5,false,16.9,false
2011-02-04T14:15:00+09:00,26.8,42,28.4,false,24.5,false,16.9,false
2011-02-04T14:16:00+09:00,27.2,47,28.5,false,24.5,false,17.0,false
2011-02-04T14:17:00+09:00,27.4,45,28.3,false,24.5,false,16.8,false
2011-02-04T14:18:00+09:00,27.7,40,26.3,false,24.5,false,16.4,false
2011-02-04T14:19:00+09:00,27.7,38,26.4,false,24.5,false,16.1,false
2011-02-04T14:20:00+09:00,27.8,43,25.3,false,24.6,false,16.1,false
2011-02-04T14:21:00+09:00,27.9,40,25.3,false,24.6,false,15.5,false
2011-02-04T14:22:00+09:00,28.0,42,25.0,false,24.6,false,15.9,false
2011-02-04T14:23:00+09:00,28.0,39,24.6,false,24.6,false,16.2,false
2011-02-04T14:24:00+09:00,28.0,37,24.1,false,24.6,false,16.1,false
2011-02-04T14:25:00+09:00,27.9,39,24.0,false,24.6,false,15.9,false
2011-02-04T14:26:00+09:00,28.0,39,24.1,false,24.6,false,16.0,false
2011-02-04T14:27:00+09:00,28.0,39,24.0,false,24.6,false,16.2,false
2011-02-04T14:28:00+09:00,28.3,41,24.3,false,24.7,false,16.3,false
2011-02-04T14:29:00+09:00,28.4,46,24.7,false,24.7,false,16.8,false
2011-02-04T14:30:00+09:00,28.6,46,24.7,false,24.7,false,17.1,false
2011-02-04T14:31:00+09:00,28.9,47,25.4,false,24.8,false,17.6,false
2011-02-04T14:32:00+09:00,28.9,45,26.0,false,24.8,false,17.6,false
2011-02-04T14:33:00+09:00,29.0,46,26.4,false,24.8,false,17.5,false
2011-02-04T14:34:00+09:00,29.0,47,26.4,false,24.8,false,17.7,false
2011-02-04T14:35:00+09:00,29.0,45,26.8,false,24.9,false,17.6,false
2011-02-04T14:36:00+09:00,29.1,44,27.0,false,24.9,false,17.6,false
2011-02-04T14:37:00+09:00,29.1,44,27.0,false,24.9,false,17.5,false
2011-02-04T14:38:00+09:00,29.0,39,26.9,false,24.9,false,16.9,false
2011-02-04T14:39:00+09:00,28.8,36,26.6,false,25.0,false,16.8,false
2011-02-04T14:40:00+09:00,28.6,37,26.3,false,25.0,false,16.6,false
2011-02-04T14:41:00+09:00,28.4,42,26.2,false,25.0,false,16.6,false
2011-02-04T14:42:00+09:00,28.1,36,26.3,false,25.0,false,16.3,false
2011-02-04T14:43:00+09:00,27.9,37,26.5,false,25.0,false,16.3,false
2011-02-04T14:44:00+09:00,27.8,39,26.3,false,25.0,false,16.3,false
2011-02-04T14:45:00+09:00,27.7,36,26.6,false,25.0,false,16.1,false
2011-02-04T14:46:00+09:00,27.5,34,26.6,false,25.2,false,16.0,false
2011-02-04T14:47:00+09:00,27.4,36,26.6,false,25.2,false,16.1,false
2011-02-04T14:48:00+09:00,27.6,36,27.0,false,25.2,false,16.3,false
2011-02-04T14:49:00+09:00,27.6,37,27.2,false,25.2,false,16.2,false
2011-02-04T14:50:00+09:00,27.6,38,27.1,false,25.3,false,15.9,false
2011-02-04T14:51:00+09:00,27.4,36,27.0,false,25.3,false,15.8,false
2011-02-04T14:52:00+09:00,27.2,38,27.0,false,25.3,false,15.8,false
2011-02-04T14:53:00+09:00,27.1,37,26.7,false,25.3,false,16.0,false
2011-02-04T14:54:00+09:00,26.8,34,26.5,false,25.3,false,15.8,false
2011-02-04T14:55:00+09:00,26.6,38,26.6,false,25.3,false,15.7,false
2011-02-04T14:56:00+09:00,26.6,39,26.5,false,25.3,false,15.7,false
2011-02-04T14:57:00+09:00,26.3,36,26.4,false,25.4,false,15.7,false
2011-02-04T14:58:00+09:00,26.1,38,26.2,false,25.4,false,15.4,false
2011-02-04T14:59:00+09:00,26.0,37,26.2,false,25.4,false,15.0,false
2011-02-04T15:00:00+09:00,25.7,35,25.9,false,25.4,false,15.1,false
2011-02-04T15:01:00+09:00,25.5,35,25.9,false,25.4,false,15.0,false
2011-02-04T15:02:00+09:00,25.2,35,26.0,false,25.5,false,15.4,false
2011-02-04T15:03:00+09:00,25.0,35,26.2,false,25.5,false,15.7,false
2011-02-04T15:04:00+09:00,25.0,39,26.3,false,25.5,false,15.7,false
2011-02-04T15:05:00+09:00,25.0,41,26.4,false,25.5,false,15.4,false
2011-02-04T15:06:00+09:00,25.2,44,26.4,false,25.5,false,15.9,false
2011-02-04T15:07:00+09:00,25.5,46,26.4,false,25.6,false,16.2,false
2011-02-04T15:08:00+09:00,25.6,44,26.3,false,25.6,false,15.9,false
2011-02-04T15:09:00+09:00,25.7,46,26.3,false,25.6,false,15.8,false
2011-02-04T15:10:00+09:00,25.9,47,26.5,false,25.6,false,15.9,false
2011-02-04T15:11:00+09:00,26.1,49,26.6,false,25.6,false,16.1,false
2011-02-04T15:12:00+09:00,26.4,52,26.8,false,25.7,false,15.9,false
2011-02-04T15:13:00+09:00,26.6,49,26.9,false,25.7,false,15.9,false
2011-02-04T15:14:00+09:00,26.7,49,26.8,false,25.7,false,15.5,false
2011-02-04T15:15:00+09:00,26.8,51,26.6,false,25.7,false,15.0,false
2011-02-04T15:16:00+09:00,26.9,52,26.7,false,25.7,false,14.9,false
2011-02-04T15:17:00+09:00,27.0,52,26.6,false,25.7,false,14.8,false
2011-02-04T15:18:00+09:00,27.0,52,26.5,false,25.7,false,14.8,false
2011-02-04T15:19:00+09:00,26.8,52,26.4,false,25.7,false,14.8,false
2011-02-04T15:20:00+09:00,26.7,53,26.3,false,25.7,false,14.2,false
2011-02-04T15:21:00+09:00,26.8,55,26.3,false,25.7,false,13.8,false
2011-02-04T15:22:00+09:00,26.8,56,26.2,false,25.8,false,13.7,false
2011-02-04T15:23:00+09:00,27.0,56,25.8,false,25.8,false,13.7,false
2011-02-04T15:24:00+09:00,26.8,54,25.6,false,25.8,false,13.7,false
2011-02-04T15:25:00+09:00,26.8,54,25.6,false,25.8,false,13.6,false
2011-02-04T15:26:00+09:00,26.7,54,25.6,false,25.9,false,13.4,false
2011-02-04T15:27:00+09:00,26.7,55,25.4,false,25.9,false,13.3,false
2011-02-04T15:28:00+09:00,26.7,56,25.4,false,25.9,false,13.2,false
2011-02-04T15:29:00+09:00,26.8,57,25.4,false,25.9,false,13.2,false
2011-02-04T15:30:00+09:00,26.8,58,25.4,false,25.9,false,13.3,false
2011-02-04T15:31:00+09:00,26.8,57,25.2,false,25.9,false,13.6,false
2011-02-04T15:32:00+09:00,26.8,57,25.2,false,25.9,false,13.7,false
2011-02-04T15:33:00+09:00,26.8,57,25.1,false,25.9,false,13.7,false
2011-02-04T15:34:00+09:00,27.0,59,25.1,false,25.9,false,13.6,false
2011-02-04T15:35:00+09:00,27.1,60,25.0,false,25.9,false,13.4,false
2011-02-04T15:36:00+09:00,27.2,59,24.7,false,25.9,false,13.7,false
2011-02-04T15:37:00+09:00,27.2,59,25.0,false,25.9,false,14.1,false
2011-02-04T15:38:00+09:00,27.2,59,24.9,false,25.9,false,14.4,false
2011-02-04T15:39:00+09:00,27.1,58,24.7,false,25.9,false,14.3,false
2011-02-04T15:40:00+09:00,27.1,60,24.7,false,25.9,false,14.5,false
2011-02-04T15:41:00+09:00,27.1,60,24.5,false,26.0,false,14.5,false
2011-02-04T15:42:00+09:00,27.0,60,24.4,false,26.0,false,14.5,false
2011-02-04T15:43:00+09:00,27.0,60,24.3,false,26.0,false,14.6,false
2011-02-04T15:44:00+09:00,26.8,60,24.3,false,26.0,false,14.5,false
2011-02-04T15:45:00+09:00,26.7,60,24.4,false,26.0,false,14.4,false
2011-02-04T15:46:00+09:00,26.5,60,24.4,false,26.1,false,14.2,false
2011-02-04T15:47:00+09:00,26.3,61,24.3,false,26.1,false,14.3,false
2011-02-04T15:48:00+09:00,26.1,61,24.2,false,26.1,false,14.0,false
2011-02-04T15:49:00+09:00,26.0,61,24.1,false,26.1,false,13.9,false
2011-02-04T15:50:00+09:00,25.9,62,24.0,false,26.1,false,13.8,false
2011-02-04T15:51:00+09:00,25.9,62,23.9,false,26.1,false,14.1,false
2011-02-04T15:52:00+09:00,25.7,61,23.7,false,26.1,false,14.1,false
2011-02-04T15:53:00+09:00,25.6,63,23.5,false,26.1,false,14.2,false
2011-02-04T15:54:00+09:00,25.6,63,23.4,false,26.1,false,14.1,false
2011-02-04T15:55:00+09:00,25.4,62,23.4,false,26.2,false,14.0,false
2011-02-04T15:56:00+09:00,25.2,63,23.5,false,26.2,false,13.7,false
2011-02-04T15:57:00+09:00,25.1,64,23.4,false,26.2,false,13.6,false
2011-02-04T15:58:00+09:00,25.1,65,23.4,false,26.2,false,13.3,false
2011-02-04T15:59:00+09:00,25.0,62,23.1,false,26.2,false,13.4,false
2011-02-04T16:00:00+09:00,25.0,62,23.0,false,26.2,false,13.4,false
2011-02-04T16:01:00+09:00,25.0,61,22.8,false,26.3,false,13.3,false
2011-02-04T16:02:00+09:00,24.9,61,22.5,false,26.3,false,13.2,false
2011-02-04T16:03:00+09:00,24.8,63,22.2,false,26.3,false,12.9,false
2011-02-04T16:04:00+09:00,24.6,63,21.8,false,26.3,false,12.8,false
2011-02-04T16:05:00+09:00,24.4,62,21.6,false,26.3,false,12.7,false
2011-02-04T16:06:00+09:00,24.2,64,21.3,false,26.3,false,12.8,false
2011-02-04T16:07:00+09:00,24.0,64,21.0,false,26.3,false,12.8,false
2011-02-04T16:08:00+09:00,23.8,64,20.9,false,26.3,false,13.0,false
2011-02-04T16:09:00+09:00,23.8,67,20.8,false,26.3,false,13.0,false
2011-02-04T16:10:00+09:00,23.8,67,20.5,false,26.3,false,13.2,false
2011-02-04T16:11:00+09:00,23.7,67,20.5,false,26.3,false,13.2,false
2011-02-04T16:12:00+09:00,23.7,67,20.3,false,26.3,false,12.7,false
2011-02-04T16:13:00+09:00,23.5,67,20.2,false,26.3,false,12.5,false
2011-02-04T16:14:00+09:00,23.4,67,20.0,false,26.4,false,12.5,false
2011-02-04T16:15:00+09:00,23.3,68,19.9,false,26.4,false,12.4,false
2011-02-04T16:16:00+09:00,23.3,68,19.8,false,26.4,false,12.4,false
2011-02-04T16:17:00+09:00,23.3,69,19.8,false,26.4,false,12.2,false
2011-02-04T16:18:00+09:00,23.1,69,19.7,false,26.3,false,12.1,false
2011-02-04T16:19:00+09:00,23.1,69,19.6,false,26.4,false,12.0,false
2011-02-04T16:20:00+09:00,23.1,69,19.5,false,26.4,false,12.0,false
2011-02-04T16:21:00+09:00,23.0,69,19.2,false,26.4,false,11.8,false
2011-02-04T16:22:00+09:00,22.9,69,19.2,false,26.4,false,11.6,false
2011-02-04T16:23:00+09:00,22.7,69,19.0,false,26.4,false,11.5,false
2011-02-04T16:24:00+09:00,22.6,69,19.0,false,26.4,false,11.4,false
2011-02-04T16:25:00+09:00,22.5,69,18.8,false,26.3,false,11.2,false
2011-02-04T16:26:00+09:00,22.4,70,18.8,false,26.3,false,10.9,false
2011-02-04T16:27:00+09:00,22.2,70,18.6,false,26.3,false,10.7,false
2011-02-04T16:28:00+09:00,22.0,70,18.5,false,26.3,false,10.6,false
2011-02-04T16:29:00+09:00,21.9,70,18.4,false,26.3,false,10.6,false
2011-02-04T16:30:00+09:00,21.8,70,18.4,false,26.3,false,10.5,false
2011-02-04T16:31:00+09:00,21.5,70,18.2,false,26.3,false,10.4,false
2011-02-04T16:32:00+09:00,21.3,70,18.0,false,26.3,false,10.4,false
2011-02-04T16:33:00+09:00,21.1,70,17.8,false,26.2,false,10.4,false
2011-02-04T16:34:00+09:00,20.9,71,17.7,false,26.2,false,10.3,false
2011-02-04T16:35:00+09:00,20.7,71,17.7,false,26.2,false,10.1,false
2011-02-04T16:36:00+09:00,20.5,72,17.6,false,26.2,false,9.9,false
2011-02-04T16:37:00+09:00,20.5,73,17.6,false,26.2,false,9.8,false
2011-02-04T16:38:00+09:00,20.5,74,17.6,false,26.2,false,9.7,false
2011-02-04T16:39:00+09:00,20.5,75,17.7,false,26.1,false,9.6,false
2011-02-04T16:40:00+09:00,20.5,75,17.7,false,26.1,false,9.3,false
2011-02-04T16:41:00+09:00,20.6,76,17.8,false,26.1,false,9.3,false
2011-02-04T16:42:00+09:00,20.7,76,17.9,false,26.1,false,9.3,false
2011-02-04T16:43:00+09:00,20.8,77,17.9,false,26.1,false,9.2,false
2011-02-04T16:44:00+09:00,20.9,77,18.0,false,26.1,false,9.2,false
2011-02-04T16:45:00+09:00,20.9,77,18.1,false,26.0,false,9.1,false
2011-02-04T16:46:00+09:00,20.9,78,18.1,false,26.0,false,9.0,false
2011-02-04T16:47:00+09:00,20.9,78,18.1,false,26.0,false,8.9,false
2011-02-04T16:48:00+09:00,20.9,78,18.1,false,26.0,false,8.6,false
2011-02-04T16:49:00+09:00,20.9,78,18.1,false,25.9,false,8.6,false
2011-02-04T16:50:00+09:00,20.8,78,17.9,false,25.9,false,8.4,false
2011-02-04T16:51:00+09:00,20.7,79,17.9,false,25.9,false,8.1,false
2011-02-04T16:52:00+09:00,20.6,79,17.8,false,25.9,false,8.1,false
2011-02-04T16:53:00+09:00,20.5,79,17.8,false,25.9,false,7.9,false
2011-02-04T16:54:00+09:00,20.5,79,17.8,false,25.9,false,7.8,false
2011-02-04T16:55:00+09:00,20.4,79,17.7,false,25.9,false,7.6,false
2011-02-04T16:56:00+09:00,20.3,80,17.7,false,25.9,false,7.5,false
2011-02-04T16:57:00+09:00,20.3,80,17.6,false,25.9,false,7.3,false
2011-02-04T16:58:00+09:00,20.0,80,17.5,false,25.8,false,7.2,false
2011-02-04T16:59:00+09:00,20.0,80,17.4,false,25.8,false,7.0,false
2011-02-04T17:00:00+09:00,19.9,80,17.2,false,25.7,false,6.8,false
2011-02-04T17:01:00+09:00,19.8,80,17.1,false,25.7,false,6.7,false
2011-02-04T17:02:00+09:00,19.7,80,17.1,false,25.7,false,6.7,false
2011-02-04T17:03:00+09:00,19.5,80,17.0,false,25.7,false,6.6,false
2011-02-04T17:04:00+09:00,19.3,80,16.9,false,25.7,false,6.5,false
2011-02-04T17:05:00+09:00,19.0,81,16.8,false,25.6,false,6.4,false
2011-02-04T17:06:00+09:00,19.0,81,16.7,false,25.6,false,6.4,false
2011-02-04T17:07:00+09:00,18.8,80,16.5,false,25.6,false,6.3,false
2011-02-04T17:08:00+09:00,18.4,81,16.3,false,25.5,false,6.3,false
2011-02-04T17:09:00+09:00,18.4,81,16.1,false,25.5,false,6.3,false
2011-02-04T17:10:00+09:00,18.2,81,16.1,false,25.5,false,6.5,false
2011-02-04T17:11:00+09:00,17.8,82,16.0,false,25.4,false,6.5,false
2011-02-04T17:12:00+09:00,17.7,82,15.8,false,25.4,false,6.5,false
2011-02-04T17:13:00+09:00,17.5,82,15.7,false,25.3,false,6.4,false
2011-02-04T17:14:00+09:00,17.3,82,15.5,false,25.3,false,6.3,false
2011-02-04T17:15:00+09:00,17.2,82,15.3,false,25.3,false,6.2,false
2011-02-04T17:16:00+09:00,17.0,82,15.3,false,25.3,false,6.2,false
2011-02-04T17:17:00+09:00,16.8,82,15.2,false,25.2,false,6.0,false
2011-02-04T17:18:00+09:00,16.7,83,15.0,false,25.2,false,6.0,false
2011-02-04T17:19:00+09:00,16.6,83,14.9,false,25.2,false,6.0,false
2011-02-04T17:20:00+09:00,16.4,83,14.8,false,25.2,false,6.0,false
2011-02-04T17:21:00+09:00,16.3,83,14.7,false,25.0,false,5.8,false
2011-02-04T17:22:00+09:00,16.1,83,14.7,false,25.0,false,5.7,false
2011-02-04T17:23:00+09:00,16.0,83,14.5,false,25.0,false,5.5,false
2011-02-04T17:24:00+09:00,15.8,84,14.5,false,25.0,false,5.4,false
2011-02-04T17:25:00+09:00,15.8,84,14.4,false,24.9,false,5.2,false
2011-02-04T17:26:00+09:00,15.7,84,14.3,false,24.9,false,5.2,false
2011-02-04T17:27:00+09:00,15.7,84,14.3,false,24.9,false,5.1,false
2011-02-04T17:28:00+09:00,15.6,84,14.3,false,24.8,false,5.0,false
2011-02-04T17:29:00+09:00,15.6,84,14.3,false,24.7,false,5.0,false
2011-02-04T17:30:00+09:00,15.6,84,14.1,false,24.7,false,4.9,false
2011-02-04T17:31:00+09:00,15.5,84,14.1,false,24.6,false,4.7,false
2011-02-04T17:32:00+09:00,15.4,84,14.1,false,24.6,false,4.6,false
2011-02-04T17:33:00+09:00,15.4,84,14.0,false,24.6,false,4.5,false
2011-02-04T17:34:00+09:00,15.3,84,14.0,false,24.5,false,4.5,false
2011-02-04T17:35:00+09:00,15.3,84,14.0,false,24.5,false,4.5,false
2011-02-04T17:36:00+09:00,15.2,85,14.0,false,24.5,false,4.4,false
2011-02-04T17:37:00+09:00,15.2,85,13.9,false,24.4,false,4.3,false
2011-02-04T17:38:00+09:00,15.1,85,13.9,false,24.4,false,4.2,false
2011-02-04T17:39:00+09:00,15.0,85,13.8,false,24.3,false,4.2,false
2011-02-04T17:40:00+09:00,15.0,85,13.8,false,24.3,false,4.2,false
2011-02-04T17:41:00+09:00,14.9,85,13.7,false,24.2,false,4.2,false
2011-02-04T17:42:00+09:00,14.9,85,13.7,false,24.2,false,4.1,false
2011-02-04T17:43:00+09:00,14.8,85,13.6,false,24.1,false,4.1,false
2011-02-04T17:44:00+09:00,14.8,85,13.6,false,24.1,false,4.2,false
2011-02-04T17:45:00+09:00,14.7,85,13.6,false,24.1,false,4.1,false
2011-02-04T17:46:00+09:00,14.6,85,13.6,false,24.0,false,4.2,false
2011-02-04T17:47:00+09:00,14.6,85,13.5,false,24.0,false,4.2,false
2011-02-04T17:48:00+09:00,14.6,85,13.5,false,23.9,false,4.3,false
2011-02-04T17:49:00+09:00,14.5,85,13.5,false,23.8,false,4.1,false
2011-02-04T17:50:00+09:00,14.4,85,13.3,false,23.8,false,3.9,false
2011-02-04T17:51:00+09:00,14.4,85,13.2,false,23.8,false,3.8,false
2011-02-04T17:52:00+09:00,14.3,85,13.2,false,23.7,false,3.9,false
2011-02-04T17:53:00+09:00,14.1,85,13.1,false,23.7,false,3.9,false
2011-02-04T17:54:00+09:00,14.1,85,13.0,false,23.6,false,3.8,false
2011-02-04T17:55:00+09:00,13.9,85,12.9,false,23.5,false,3.9,false
2011-02-04T17:56:00+09:00,13.7,85,12.8,false,23.5,false,4.0,false
2011-02-04T17:57:00+09:00,13.7,85,12.7,false,23.5,false,4.0,false
2011-02-04T17:58:00+09:00,13.5,85,12.6,false,23.4,false,4.2,false
2011-02-04T17:59:00+09:00,13.4,86,12.5,false,23.4,false,3.8,false
2011-02-04T18:00:00+09:00,13.3,86,12.5,false,23.4,false,3.6,false
2011-02-04T18:01:00+09:00,13.1,86,12.5,false,23.3,false,3.4,false
2011-02-04T18:02:00+09:00,13.0,86,12.4,false,23.2,false,3.3,false
2011-02-04T18:03:00+09:00,13.0,86,12.3,false,23.1,false,3.2,false
2011-02-04T18:04:00+09:00,12.9,86,12.2,false,23.1,false,3.3,false
2011-02-04T18:05:00+09:00,12.8,86,12.2,false,23.1,false,3.1,false
2011-02-04T18:06:00+09:00,12.8,87,12.1,false,23.0,false,3.1,false
2011-02-04T18:07:00+09:00,12.7,87,12.1,false,23.0,false,3.0,false
2011-02-04T18:08:00+09:00,12.6,87,12.0,false,23.0,false,3.0,false
2011-02-04T18:09:00+09:00,12.5,87,11.9,false,22.9,false,3.0,false
2011-02-04T18:10:00+09:00,12.5,87,11.9,false,22.9,false,3.1,false
2011-02-04T18:11:00+09:00,12.4,87,11.9,false,22.8,false,3.1,false
2011-02-04T18:12:00+09:00,12.3,87,11.9,false,22.7,false,3.0,false
2011-02-04T18:13:00+09:00,12.2,87,11.8,false,22.7,false,2.8,false
2011-02-04T18:14:00+09:00,12.2,87,11.7,false,22.7,false,2.8,false
2011-02-04T18:15:00+09:00,12.0,88,11.5,false,22.6,false,2.8,false
2011-02-04T18:16:00+09:00,11.9,88,11.4,false,22.5,false,2.8,false
2011-02-04T18:17:00+09:00,11.9,88,11.4,false,22.4,false,2.8,false
2011-02-04T18:18:00+09:00,11.9,88,11.3,false,22.4,false,2.8,false
2011-02-04T18:19:00+09:00,11.9,88,11.3,false,22.4,false,2.8,false
2011-02-04T18:20:00+09:00,11.9,88,11.2,false,22.3,false,2.7,false
2011-02-04T18:21:00+09:00,11.8,88,11.2,false,22.3,false,2.6,false
2011-02-04T18:22:00+09:00,11.7,88,11.1,false,22.3,false,2.6,false
2011-02-04T18:23:00+09:00,11.7,88,11.1,false,22.2,false,2.6,false
2011-02-04T18:24:00+09:00,11.6,89,11.1,false,22.2,false,2.7,false
2011-02-04T18:25:00+09:00,11.6,89,11.0,false,22.2,false,2.6,false
2011-02-04T18:26:00+09:00,11.5,89,11.0,false,22.0,false,2.6,false
2011-02-04T18:27:00+09:00,11.5,89,11.0,false,22.0,false,2.5,false
2011-02-04T18:28:00+09:00,11.5,89,11.0,false,21.9,false,2.5,false
2011-02-04T18:29:00+09:00,11.4,89,11.0,false,21.9,false,2.5,false
2011-02-04T18:30:00+09:00,11.4,89,10.9,false,21.8,false,2.5,false
2011-02-04T18:31:00+09:00,11.3,89,10.9,false,21.8,false,2.5,false
2011-02-04T18:32:00+09:00,11.3,89,10.8,false,21.8,false,2.5,false
2011-02-04T18:33:00+09:00,11.2,89,10.8,false,21.7,false,2.5,false
2011-02-04T18:34:00+09:00,11.2,89,10.7,false,21.7,false,2.4,false
2011-02-04T18:35:00+09:00,11.2,89,10.7,false,21.6,false,2.3,false
2011-02-04T18:36:00+09:00,11.2,89,10.7,false,21.6,false,2.2,false
2011-02-04T18:37:00+09:00,11.2,89,10.7,false,21.5,false,2.1,false
2011-02-04T18:38:00+09:00,11.1,89,10.6,false,21.4,false,1.9,false
2011-02-04T18:39:00+09:00,11.0,89,10.7,false,21.4,false,1.9,false
2011-02-04T18:40:00+09:00,11.0,89,10.6,false,21.3,false,1.8,false
2011-02-04T18:41:00+09:00,10.9,89,10.6,false,21.3,false,1.7,false
2011-02-04T18:42:00+09:00,10.9,89,10.6,false,21.2,false,1.7,false
2011-02-04T18:43:00+09:00,10.8,89,10.4,false,21.2,false,1.7,false
2011-02-04T18:44:00+09:00,10.7,89,10.4,false,21.1,false,1.6,false
2011-02-04T18:45:00+09:00,10.7,89,10.4,false,21.1,false,1.6,false
2011-02-04T18:46:00+09:00,10.7,89,10.4,false,21.1,false,1.7,false
2011-02-04T18:47:00+09:00,10.7,89,10.3,false,21.0,false,1.7,false
2011-02-04T18:48:00+09:00,10.6,89,10.3,false,21.0,false,1.7,false
2011-02-04T18:49:00+09:00,10.4,89,10.3,false,21.0,false,1.7,false
2011-02-04T18:50:00+09:00,10.5,89,10.2,false,20.9,false,1.7,false
2011-02-04T18:51:00+09:00,10.4,89,10.2,false,20.9,false,1.8,false
2011-02-04T18:52:00+09:00,10.4,89,10.2,false,20.9,false,1.7,false
2011-02-04T18:53:00+09:00,10.4,89,10.2,false,20.7,false,1.8,false
2011-02-04T18:54:00+09:00,10.3,89,10.0,false,20.7,false,2.1,false
2011-02-04T18:55:00+09:00,10.3,89,10.0,false,20.7,false,2.1,false
2011-02-04T18:56:00+09:00,10.3,89,9.9,false,20.5,false,2.1,false
2011-02-04T18:57:00+09:00,10.2,89,9.9,false,20.5,false,2.1,false
2011-02-04T18:58:00+09:00,10.3,89,9.9,false,20.5,false,2.2,false
2011-02-04T18:59:00+09:00,10.1,89,9.9,false,20.5,false,2.1,false
2011-02-04T19:00:00+09:00,10.1,89,9.9,false,20.4,false,2.1,false
2011-02-04T19:01:00+09:00,10.1,90,9.9,false,20.4,false,2.1,false
2011-02-04T19:02:00+09:00,10.0,89,9.9,false,20.3,false,2.1,false
2011-02-04T19:03:00+09:00,10.0,89,9.8,false,20.3,false,2.2,false
2011-02-04T19:04:00+09:00,10.0,90,9.8,false,20.3,false,2.2,false
2011-02-04T19:05:00+09:00,10.0,90,9.8,false,20.2,false,2.2,false
2011-02-04T19:06:00+09:00,10.0,90,9.8,false,20.1,false,2.4,false
2011-02-04T19:07:00+09:00,10.0,90,9.7,false,20.1,false,2.4,false
2011-02-04T19:08:00+09:00,10.0,90,9.7,false,20.1,false,2.3,false
2011-02-04T19:09:00+09:00,9.8,90,9.7,false,20.0,false,2.2,false
2011-02-04T19:10:00+09:00,9.9,90,9.7,false,20.0,false,2.0,false
2011-02-04T19:11:00+09:00,9.9,90,9.6,false,19.9,false,1.8,false
2011-02-04T19:12:00+09:00,9.7,90,9.6,false,19.9,false,1.7,false
2011-02-04T19:13:00+09:00,9.7,90,9.6,false,19.8,false,1.8,false
2011-02-04T19:14:00+09:00,9.7,90,9.4,false,19.8,false,1.9,false
2011-02-04T19:15:00+09:00,9.7,90,9.4,false,19.7,false,1.8,false
2011-02-04T19:16:00+09:00,9.7,90,9.4,false,19.7,false,1.8,false
2011-02-04T19:17:00+09:00,9.6,89,9.4,false,19.7,false,1.9,false
2011-02-04T19:18:00+09:00,9.5,89,9.4,false,19.6,false,2.1,false
2011-02-04T19:19:00+09:00,9.4,89,9.4,false,19.6,false,2.4,false
2011-02-04T19:20:00+09:00,9.5,89,9.4,false,19.6,false,2.5,false
2011-02-04T19:21:00+09:00,9.4,89,9.4,false,19.5,false,2.5,false
2011-02-04T19:22:00+09:00,9.4,89,9.4,false,19.4,false,2.5,false
2011-02-04T19:23:00+09:00,9.3,89,9.2,false,19.4,false,2.5,false
2011-02-04T19:24:00+09:00,9.3,89,9.2,false,19.3,false,2.4,false
2011-02-04T19:25:00+09:00,9.3,89,9.4,false,19.3,false,2.5,false
2011-02-04T19:26:00+09:00,9.3,89,9.3,false,19.2,false,2.7,false
2011-02-04T19:27:00+09:00,9.3,89,9.2,false,19.2,false,2.7,false
2011-02-04T19:28:00+09:00,9.3,89,9.2,false,19.2,false,2.7,false
2011-02-04T19:29:00+09:00,9.3,89,9.3,false,19.2,false,2.6,false
2011-02-04T19:30:00+09:00,9.3,89,9.4,false,19.1,false,2.4,false
2011-02-04T19:31:00+09:00,9.3,88,9.4,false,19.1,false,2.2,false
2011-02-04T19:32:00+09:00,9.2,89,9.4,false,19.0,false,2.2,false
2011-02-04T19:33:00+09:00,9.3,89,9.5,false,19.0,false,2.2,false
2011-02-04T19:34:00+09:00,9.2,89,9.6,false,19.0,false,2.0,false
2011-02-04T19:35:00+09:00,9.2,89,9.8,false,19.0,false,1.9,false
2011-02-04T19:36:00+09:00,9.1,89,9.9,false,18.8,false,1.7,false
2011-02-04T19:37:00+09:00,9.1,89,10.0,false,18.8,false,1.7,false
2011-02-04T19:38:00+09:00,9.1,89,10.2,false,18.7,false,1.6,false
2011-02-04T19:39:00+09:00,8.9,89,10.4,false,18.7,false,1.5,false
2011-02-04T19:40:00+09:00,8.9,89,10.7,false,18.6,false,1.5,false
2011-02-04T19:41:00+09:00,8.9,89,10.9,false,18.6,false,1.4,false
2011-02-04T19:42:00+09:00,8.9,89,11.1,false,18.6,false,1.5,false
2011-02-04T19:43:00+09:00,8.9,89,11.3,false,18.5,false,1.5,false
2011-02-04T19:44:00+09:00,8.8,89,11.4,false,18.5,false,1.5,false
2011-02-04T19:45:00+09:00,8.8,89,11.5,false,18.5,false,1.5,false
2011-02-04T19:46:00+09:00,8.8,89,11.5,false,18.4,false,1.5,false
2011-02-04T19:47:00+09:00,8.8,89,11.4,false,18.4,false,1.5,false
2011-02-04T19:48:00+09:00,8.8,89,11.3,false,18.4,false,1.4,false
2011-02-04T19:49:00+09:00,8.8,89,11.1,false,18.4,false,1.6,false
2011-02-04T19:50:00+09:00,8.8,89,10.9,false,18.3,false,1.5,false
2011-02-04T19:51:00+09:00,8.8,89,10.7,false,18.2,false,1.5,false
2011-02-04T19:52:00+09:00,8.7,90,10.6,false,18.1,false,1.5,false
2011-02-04T19:53:00+09:00,8.7,90,10.4,false,18.1,false,1.2,false
2011-02-04T19:54:00+09:00,8.7,90,10.3,false,18.1,false,1.2,false
2011-02-04T19:55:00+09:00,8.7,90,10.2,false,18.1,false,1.0,false
2011-02-04T19:56:00+09:00,8.8,89,10.0,false,18.1,false,1.0,false
2011-02-04T19:57:00+09:00,8.7,90,9.8,false,17.9,false,0.9,false
2011-02-04T19:58:00+09:00,8.6,90,9.8,false,17.8,false,0.8,false
2011-02-04T19:59:00+09:00,8.6,90,9.6,false,17.8,false,0.6,false
2011-02-04T20:00:00+09:00,8.6,90,9.5,false,17.8,false,0.7,false
2011-02-04T20:01:00+09:00,8.6,90,9.4,false,17.8,false,1.0,false
2011-02-04T20:02:00+09:00,8.6,90,9.4,false,17.7,false,1.0,false
2011-02-04T20:03:00+09:00,8.5,90,9.2,false,17.7,false,1.2,false
2011-02-04T20:04:00+09:00,8.5,90,9.2,false,17.6,false,1.3,false
2011-02-04T20:05:00+09:00,8.6,90,9.1,false,17.6,false,1.5,false
2011-02-04T20:06:00+09:00,8.5,90,9.0,false,17.5,false,1.5,false
2011-02-04T20:07:00+09:00,8.6,90,9.0,false,17.5,false,1.4,false
2011-02-04T20:08:00+09:00,8.5,90,9.1,false,17.5,false,1.4,false
2011-02-04T20:09:00+09:00,8.5,90,9.1,false,17.5,false,1.3,false
2011-02-04T20:10:00+09:00,8.4,90,9.1,false,17.3,false,1.5,false
2011-02-04T20:11:00+09:00,8.4,90,9.2,false,17.3,false,1.7,false
2011-02-04T20:12:00+09:00,8.5,90,9.2,false,17.3,false,1.8,false
2011-02-04T20:13:00+09:00,8.4,90,9.4,false,17.3,false,2.1,false
2011-02-04T20:14:00+09:00,8.4,90,9.6,false,17.2,false,2.0,false
2011-02-04T20:15:00+09:00,8.4,90,9.8,false,17.2,false,1.9,false
2011-02-04T20:16:00+09:00,8.3,90,10.0,false,17.2,false,1.5,false
2011-02-04T20:17:00+09:00,8.3,90,10.3,false,17.2,false,1.2,false
2011-02-04T20:18:00+09:00,8.3,90,10.6,false,17.1,false,1.0,false
2011-02-04T20:19:00+09:00,8.3,90,10.7,false,17.1,false,0.8,false
2011-02-04T20:20:00+09:00,8.3,90,11.0,false,17.0,false,0.5,false
2011-02-04T20:21:00+09:00,8.2,89,11.1,false,17.0,false,0.5,false
2011-02-04T20:22:00+09:00,8.2,89,11.3,false,17.0,false,0.4,false
2011-02-04T20:23:00+09:00,8.2,89,11.4,false,16.9,false,0.4,false
2011-02-04T20:24:00+09:00,8.1,89,11.4,false,16.9,false,0.5,false
2011-02-04T20:25:00+09:00,8.1,89,11.3,false,16.8,false,0.9,false
2011-02-04T20:26:00+09:00,8.1,89,11.3,false,16.8,false,1.2,false
2011-02-04T20:27:00+09:00,8.1,89,11.1,false,16.7,false,1.4,false
2011-02-04T20:28:00+09:00,8.0,89,10.9,false,16.7,false,1.5,false
2011-02-04T20:29:00+09:00,8.1,89,10.7,false,16.7,false,1.6,false
2011-02-04T20:30:00+09:00,8.0,89,10.5,false,16.7,false,1.5,false
2011-02-04T20:31:00+09:00,8.0,89,10.3,false,16.7,false,1.4,false
2011-02-04T20:32:00+09:00,8.0,89,10.2,false,16.6,false,1.2,false
2011-02-04T20:33:00+09:00,7.9,89,10.0,false,16.6,false,1.2,false
2011-02-04T20:34:00+09:00,7.9,89,9.9,false,16.5,false,1.2,false
2011-02-04T20:35:00+09:00,7.9,89,9.9,false,16.5,false,1.2,false
2011-02-04T20:36:00+09:00,7.9,89,9.7,false,16.4,false,1.4,false
2011-02-04T20:37:00+09:00,7.9,89,9.6,false,16.4,false,1.6,false
2011-02-04T20:38:00+09:00,8.0,89,9.5,false,16.4,false,1.5,false
2011-02-04T20:39:00+09:00,8.0,89,9.4,false,16.3,false,1.4,false
2011-02-04T20:40:00+09:00,8.1,89,9.4,false,16.3,false,1.4,false
2011-02-04T20:41:00+09:00,8.2,89,9.2,false,16.3,false,1.6,false
2011-02-04T20:42:00+09:00,8.3,89,9.2,false,16.3,false,1.8,false
2011-02-04T20:43:00+09:00,8.3,89,9.2,false,16.3,false,1.8,false
2011-02-04T20:44:00+09:00,8.5,89,9.1,false,16.2,false,1.7,false
2011-02-04T20:45:00+09:00,8.7,89,9.0,false,16.2,false,1.6,false
2011-02-04T20:46:00+09:00,8.9,88,9.0,false,16.1,false,1.5,false
2011-02-04T20:47:00+09:00,9.1,88,9.0,false,16.1,false,1.6,false
2011-02-04T20:48:00+09:00,9.3,88,8.9,false,16.0,false,1.6,false
2011-02-04T20:49:00+09:00,9.4,88,8.9,false,16.0,false,1.5,false
2011-02-04T20:50:00+09:00,9.6,88,9.0,false,16.0,false,1.5,false
2011-02-04T20:51:00+09:00,9.8,88,9.1,false,15.9,false,1.4,false
2011-02-04T20:52:00+09:00,10.0,88,9.2,false,15.9,false,1.4,false
2011-02-04T20:53:00+09:00,10.1,88,9.4,false,15.9,false,1.4,false
2011-02-04T20:54:00+09:00,10.2,88,9.7,false,15.9,false,1.3,false
2011-02-04T20:55:00+09:00,10.3,88,9.9,false,15.8,false,1.2,false
2011-02-04T20:56:00+09:00,10.3,88,10.2,false,15.8,false,0.9,false
2011-02-04T20:57:00+09:00,10.3,88,10.4,false,15.8,false,0.8,false
2011-02-04T20:58:00+09:00,10.3,87,10.7,false,15.7,false,0.5,false
2011-02-04T20:59:00+09:00,10.3,87,10.9,false,15.7,false,0.4,false
2011-02-04T21:00:00+09:00,10.2,87,11.1,false,15.7,false,0.3,false
2011-02-04T21:01:00+09:00,10.0,87,11.2,false,15.7,false,0.2,false
2011-02-04T21:02:00+09:00,9.9,87,11.3,false,15.7,false,0.2,false
2011-02-04T21:03:00+09:00,9.7,87,11.3,false,15.6,false,0.1,false
2011-02-04T21:04:00+09:00,9.6,87,11.3,false,15.6,false,0.1,false
2011-02-04T21:05:00+09:00,9.4,87,11.1,false,15.6,false,0.3,false
2011-02-04T21:06:00+09:00,9.3,87,10.9,false,15.6,false,0.4,false
2011-02-04T21:07:00+09:00,9.1,87,10.7,false,15.5,false,0.4,false
2011-02-04T21:08:00+09:00,9.1,87,10.4,false,15.5,false,0.3,false
2011-02-04T21:09:00+09:00,9.0,87,10.3,false,15.5,false,0.2,false
2011-02-04T21:10:00+09:00,8.9,87,10.0,false,15.5,false,0.1,false
2011-02-04T21:11:00+09:00,8.8,87,9.9,false,15.4,false,0.1,false
2011-02-04T21:12:00+09:00,8.8,87,9.6,false,15.4,false,0.1,false
2011-02-04T21:13:00+09:00,8.6,87,9.5,false,15.4,false,0.2,false
2011-02-04T21:14:00+09:00,8.6,87,9.4,false,15.4,false,0.2,false
2011-02-04T21:15:00+09:00,8.4,87,9.2,false,15.4,false,0.1,false
2011-02-04T21:16:00+09:00,8.3,87,9.2,false,15.3,false,0.1,false
2011-02-04T21:17:00+09:00,8.3,87,9.1,false,15.3,false,0.1,false
2011-02-04T21:18:00+09:00,8.3,87,9.1,false,15.3,false,0.1,false
2011-02-04T21:19:00+09:00,8.2,87,9.0,false,15.2,false,0.0,false
2011-02-04T21:20:00+09:00,8.1,87,8.9,false,15.2,false,0.0,false
2011-02-04T21:21:00+09:00,8.0,87,8.9,false,15.2,false,0.0,false
2011-02-04T21:22:00+09:00,8.0,87,8.8,false,15.2,false,0.0,false
2011-02-04T21:23:00+09:00,8.0,87,8.8,false,15.2,false,-0.1,false
2011-02-04T21:24:00+09:00,7.9,88,8.7,false,15.2,false,-0.3,false
2011-02-04T21:25:00+09:00,7.8,87,8.7,false,15.2,false,-0.3,false
2011-02-04T21:26:00+09:00,7.9,88,8.5,false,15.1,false,-0.3,false
2011-02-04T21:27:00+09:00,7.8,88,8.5,false,15.1,false,-0.4,false
2011-02-04T21:28:00+09:00,7.8,88,8.4,false,15.0,false,-0.3,false
2011-02-04T21:29:00+09:00,7.8,88,8.3,false,15.0,false,-0.2,false
2011-02-04T21:30:00+09:00,7.6,88,8.3,false,15.0,false,0.0,false
2011-02-04T21:31:00+09:00,7.7,88,8.2,false,15.0,false,0.0,false
2011-02-04T21:32:00+09:00,7.6,88,8.1,false,15.0,false,0.0,false
2011-02-04T21:33:00+09:00,7.5,88,8.0,false,14.9,false,0.0,false
2011-02-04T21:34:00+09:00,7.5,88,8.0,false,14.9,false,0.0,false
2011-02-04T21:35:00+09:00,7.5,88,7.9,false,14.9,false,0.0,false
2011-02-04T21:36:00+09:00,7.4,88,7.8,false,14.8,false,0.1,false
2011-02-04T21:37:00+09:00,7.3,88,7.8,false,14.8,false,0.1,false
2011-02-04T21:38:00+09:00,7.3,88,7.7,false,14.8,false,0.1,false
2011-02-04T21:39:00+09:00,7.3,88,7.7,false,14.8,false,0.1,false
2011-02-04T21:40:00+09:00,7.2,88,7.6,false,14.8,false,0.2,false
2011-02-04T21:41:00+09:00,7.2,88,7.6,false,14.8,false,0.2,false
2011-02-04T21:42:00+09:00,7.2,88,7.5,false,14.8,false,0.2,false
2011-02-04T21:43:00+09:00,7.2,88,7.5,false,14.7,false,0.3,false
2011-02-04T21:44:00+09:00,7.2,89,7.5,false,14.7,false,0.4,false
2011-02-04T21:45:00+09:00,7.2,89,7.5,false,14.8,false,0.4,false
2011-02-04T21:46:00+09:00,7.2,89,7.5,false,14.8,false,0.4,false
2011-02-04T21:47:00+09:00,7.2,89,7.5,false,14.8,false,0.2,false
2011-02-04T21:48:00+09:00,7.2,89,7.3,false,14.8,false,0.2,false
2011-02-04T21:49:00+09:00,7.2,89,7.3,false,14.8,false,0.0,false
2011-02-04T21:50:00+09:00,7.2,89,7.3,false,14.8,false,0.1,false
2011-02-04T21:51:00+09:00,7.2,89,7.3,false,14.8,false,0.0,false
2011-02-04T21:52:00+09:00,7.2,89,7.3,false,14.9,false,0.0,false
2011-02-04T21:53:00+09:00,7.2,89,7.2,false,14.9,false,0.0,false
2011-02-04T21:54:00+09:00,7.2,89,7.2,false,15.0,false,0.0,false
2011-02-04T21:55:00+09:00,7.1,89,7.2,false,15.0,false,0.0,false
2011-02-04T21:56:00+09:00,7.1,89,7.1,false,15.0,false,0.0,false
2011-02-04T21:57:00+09:00,7.1,89,7.1,false,15.1,false,0.0,false
2011-02-04T21:58:00+09:00,7.1,89,7.1,false,15.2,false,0.0,false
2011-02-04T21:59:00+09:00,7.1,89,7.1,false,15.2,false,-0.1,false
2011-02-04T22:00:00+09:00,7.1,89,7.0,false,15.2,false,-0.3,false
2011-02-04T22:01:00+09:00,7.1,89,7.0,false,15.3,false,-0.4,false
2011-02-04T22:02:00+09:00,7.1,90,6.9,false,15.3,false,-0.6,false
2011-02-04T22:03:00+09:00,7.1,90,6.9,false,15.4,false,-0.8,false
2011-02-04T22:04:00+09:00,7.1,90,6.9,false,15.4,false,-0.8,false
2011-02-04T22:05:00+09:00,7.1,90,6.9,false,15.5,false,-0.8,false
2011-02-04T22:06:00+09:00,7.1,90,6.9,false,15.5,false,-0.8,false
2011-02-04T22:07:00+09:00,7.1,90,6.9,false,15.6,false,-0.8,false
2011-02-04T22:08:00+09:00,7.1,90,6.9,false,15.7,false,-0.8,false
2011-02-04T22:09:00+09:00,7.1,90,6.9,false,15.7,false,-0.8,false
2011-02-04T22:10:00+09:00,7.1,90,6.9,false,15.7,false,-0.7,false
2011-02-04T22:11:00+09:00,7.1,90,6.9,false,15.8,false,-0.7,false
2011-02-04T22:12:00+09:00,7.2,90,6.9,false,15.8,false,-0.7,false
2011-02-04T22:13:00+09:00,7.2,90,6.9,false,15.9,false,-0.6,false
2011-02-04T22:14:00+09:00,7.2,90,6.8,false,15.9,false,-0.7,false
2011-02-04T22:15:00+09:00,7.2,90,6.8,false,16.0,false,-0.7,false
2011-02-04T22:16:00+09:00,7.2,90,6.8,false,16.0,false,-0.7,false
2011-02-04T22:17:00+09:00,7.1,90,6.8,false,16.1,false,-0.7,false
2011-02-04T22:18:00+09:00,7.0,90,6.8,false,16.2,false,-0.7,false
2011-02-04T22:19:00+09:00,7.0,90,6.8,false,16.3,false,-0.7,false
2011-02-04T22:20:00+09:00,6.9,89,6.8,false,16.3,false,-0.7,false
2011-02-04T22:21:00+09:00,6.8,89,6.8,false,16.3,false,-0.6,false
2011-02-04T22:22:00+09:00,6.8,89,6.8,false,16.3,false,-0.6,false
2011-02-04T22:23:00+09:00,6.8,89,6.8,false,16.3,false,-0.7,false
2011-02-04T22:24:00+09:00,6.8,89,6.8,false,16.3,false,-0.7,false
2011-02-04T22:25:00+09:00,6.8,89,6.8,false,16.4,false,-0.7,false
2011-02-04T22:26:00+09:00,6.7,89,6.8,false,16.3,false,-0.7,false
2011-02-04T22:27:00+09:00,6.7,89,6.8,false,16.3,false,-0.7,false
2011-02-04T22:28:00+09:00,6.7,89,6.8,false,16.3,false,-0.7,false
2011-02-04T22:29:00+09:00,6.7,89,6.8,false,16.3,false,-0.6,false
2011-02-04T22:30:00+09:00,6.7,89,6.8,false,16.3,false,-0.6,false
2011-02-04T22:31:00+09:00,6.6,89,6.8,false,16.3,false,-0.5,false
2011-02-04T22:32:00+09:00,6.6,89,6.8,false,16.2,false,-0.4,false
2011-02-04T22:33:00+09:00,6.6,89,6.8,false,16.2,false,-0.4,false
2011-02-04T22:34:00+09:00,6.5,89,6.8,false,16.1,false,-0.4,false
2011-02-04T22:35:00+09:00,6.5,89,6.8,false,16.1,false,-0.4,false
2011-02-04T22:36:00+09:00,6.5,89,6.7,false,16.0,false,-0.5,false
2011-02-04T22:37:00+09:00,6.6,89,6.7,false,16.0,false,-0.7,false
2011-02-04T22:38:00+09:00,6.6,89,6.7,false,15.9,false,-0.7,false
2011-02-04T22:39:00+09:00,6.6,89,6.7,false,15.9,false,-0.8,false
2011-02-04T22:40:00+09:00,6.6,89,6.7,false,15.9,false,-0.7,false
2011-02-04T22:41:00+09:00,6.7,90,6.7,false,15.8,false,-0.7,false
2011-02-04T22:42:00+09:00,6.7,90,6.7,false,15.8,false,-0.6,false
2011-02-04T22:43:00+09:00,6.7,90,6.7,false,15.7,false,-0.5,false
2011-02-04T22:44:00+09:00,6.7,90,6.7,false,15.7,false,-0.5,false
2011-02-04T22:45:00+09:00,6.7,90,6.6,false,15.7,false,-0.3,false
2011-02-04T22:46:00+09:00,6.7,90,6.7,false,15.6,false,-0.4,false
2011-02-04T22:47:00+09:00,6.7,90,6.7,false,15.6,false,-0.6,false
2011-02-04T22:48:00+09:00,6.7,90,6.6,false,15.6,false,-0.7,false
2011-02-04T22:49:00+09:00,6.8,90,6.6,false,15.5,false,-0.8,false
2011-02-04T22:50:00+09:00,6.8,90,6.6,false,15.5,false,-0.9,false
2011-02-04T22:51:00+09:00,6.8,90,6.6,false,15.4,false,-1.0,false
2011-02-04T22:52:00+09:00,6.8,90,6.6,false,15.4,false,-1.1,false
2011-02-04T22:53:00+09:00,6.8,90,6.5,false,15.4,false,-1.2,false
2011-02-04T22:54:00+09:00,6.8,90,6.5,false,15.3,false,-1.3,false
2011-02-04T22:55:00+09:00,6.8,90,6.5,false,15.3,false,-1.4,false
2011-02-04T22:56:00+09:00,6.8,90,6.5,false,15.2,false,-1.4,false
2011-02-04T22:57:00+09:00,6.8,90,6.5,false,15.2,false,-1.3,false
2011-02-04T22:58:00+09:00,6.8,90,6.5,false,15.2,false,-1.3,false
2011-02-04T22:59:00+09:00,6.7,90,6.5,false,15.2,false,-1.1,false
2011-02-04T23:00:00+09:00,6.7,90,6.5,false,15.2,false,-1.0,false
2011-02-04T23:01:00+09:00,6.7,90,6.5,false,15.1,false,-0.8,false
2011-02-04T23:02:00+09:00,6.7,90,6.5,false,15.0,false,-0.9,false
2011-02-04T23:03:00+09:00,6.7,90,6.5,false,15.0,false,-1.0,false
2011-02-04T23:04:00+09:00,6.7,90,6.5,false,15.0,false,-1.0,false
2011-02-04T23:05:00+09:00,6.6,90,6.5,false,15.0,false,-1.0,false
2011-02-04T23:06:00+09:00,6.6,90,6.5,false,14.9,false,-0.8,false
2011-02-04T23:07:00+09:00,6.6,90,6.5,false,14.9,false,-0.8,false
2011-02-04T23:08:00+09:00,6.6,90,6.5,false,14.8,false,-0.8,false
2011-02-04T23:09:00+09:00,6.6,90,6.5,false,14.8,false,-1.0,false
2011-02-04T23:10:00+09:00,6.6,90,6.5,false,14.8,false,-1.1,false
2011-02-04T23:11:00+09:00,6.6,90,6.4,false,14.8,false,-1.2,false
2011-02-04T23:12:00+09:00,6.6,90,6.4,false,14.8,false,-1.1,false
2011-02-04T23:13:00+09:00,6.6,90,6.4,false,14.8,false,-0.8,false
2011-02-04T23:14:00+09:00,6.6,90,6.4,false,14.8,false,-0.7,false
2011-02-04T23:15:00+09:00,6.6,90,6.4,false,14.8,false,-0.7,false
2011-02-04T23:16:00+09:00,6.5,90,6.3,false,14.8,false,-0.7,false
2011-02-04T23:17:00+09:00,6.5,90,6.3,false,14.9,false,-0.8,false
2011-02-04T23:18:00+09:00,6.5,90,6.3,false,14.9,false,-0.9,false
2011-02-04T23:19:00+09:00,6.5,90,6.3,false,14.9,false,-1.0,false
2011-02-04T23:20:00+09:00,6.5,90,6.3,false,15.0,false,-1.1,false
2011-02-04T23:21:00+09:00,6.5,90,6.3,false,15.0,false,-1.1,false
2011-02-04T23:22:00+09:00,6.5,90,6.3,false,15.0,false,-1.2,false
2011-02-04T23:23:00+09:00,6.5,90,6.3,false,15.1,false,-1.3,false
2011-02-04T23:24:00+09:00,6.5,90,6.3,false,15.2,false,-1.3,false
2011-02-04T23:25:00+09:00,6.5,90,6.3,false,15.2,false,-1.4,false
2011-02-04T23:26:00+09:00,6.5,90,6.3,false,15.2,false,-1.4,false
2011-02-04T23:27:00+09:00,6.5,90,6.2,false,15.3,false,-1.4,false
2011-02-04T23:28:00+09:00,6.5,90,6.3,false,15.3,false,-1.4,false
2011-02-04T23:29:00+09:00,6.5,90,6.3,false,15.4,false,-1.4,false
2011-02-04T23:30:00+09:00,6.5,90,6.3,false,15.4,false,-1.3,false
2011-02-04T23:31:00+09:00,6.5,90,6.3,false,15.5,false,-1.3,false
2011-02-04T23:32:00+09:00,6.5,90,6.3,false,15.5,false,-1.3,false
2011-02-04T23:33:00+09:00,6.5,90,6.3,false,15.6,false,-1.1,false
2011-02-04T23:34:00+09:00,6.6,90,6.3,false,15.6,false,-1.0,false
2011-02-04T23:35:00+09:00,6.6,90,6.3,false,15.7,false,-0.8,false
2011-02-04T23:36:00+09:00,6.6,90,6.3,false,15.7,false,-0.8,false
2011-02-04T23:37:00+09:00,6.6,90,6.4,false,15.7,false,-0.9,false
2011-02-04T23:38:00+09:00,6.6,90,6.4,false,15.8,false,-0.8,false
2011-02-04T23:39:00+09:00,6.7,90,6.4,false,15.8,false,-0.7,false
2011-02-04T23:40:00+09:00,6.7,90,6.4,false,15.9,false,-0.6,false
2011-02-04T23:41:00+09:00,6.7,90,6.5,false,15.9,false,-0.5,false
2011-02-04T23:42:00+09:00,6.8,90,6.5,false,16.0,false,-0.4,false
2011-02-04T23:43:00+09:00,6.8,90,6.5,false,16.0,false,-0.3,false
2011-02-04T23:44:00+09:00,6.8,90,6.5,false,16.1,false,-0.3,false
2011-02-04T23:45:00+09:00,6.8,90,6.5,false,16.2,false,-0.3,false
2011-02-04T23:46:00+09:00,6.8,90,6.5,false,16.2,false,-0.3,false
2011-02-04T23:47:00+09:00,6.8,90,6.5,false,16.3,false,-0.4,false
2011-02-04T23:48:00+09:00,6.8,90,6.5,false,16.3,false,-0.5,false
2011-02-04T23:49:00+09:00,6.8,90,6.5,false,16.3,false,-0.6,false
2011-02-04T23:50:00+09:00,6.8,90,6.5,false,16.3,false,-0.7,false
2011-02-04T23:51:00+09:00,6.8,90,6.5,false,16.3,false,-0.8,false
2011-02-04T23:52:00+09:00,6.8,90,6.5,false,16.4,false,-1.0,false
2011-02-04T23:53:00+09:00,6.8,90,6.5,false,16.4,false,-1.0,false
2011-02-04T23:54:00+09:00,6.8,90,6.5,false,16.4,false,-1.0,false
2011-02-04T23:55:00+09:00,6.8,90,6.5,false,16.3,false,-1.0,false
2011-02-04T23:56:00+09:00,6.9,90,6.5,false,16.3,false,-1.0,false
2011-02-04T23:57:00+09:00,6.9,90,6.5,false,16.3,false,-1.1,false
2011-02-04T23:58:00+09:00,6.9,90,6.5,false,16.3,false,-1.0,false
2011-02-04T23:59:00+09:00,6.9,90,6.5,false,16.3,false,-1.0,false
2011-02-05T00:00:00+09:00,6.9,90,6.5,false,16.2,false,-1.0,false
